claimant_id,first_name,last_name,date_of_birth,gender,employment_start_date,employer_id,created_at,updated_at
1,Peggy,Webster,1974-06-09,,2024-04-30,147,2026-03-17 10:41:11.854988,2026-04-01 02:35:12.210358
2,Holly,White,1980-06-01,F,2021-11-30,11,2026-03-13 04:52:23.061825,2026-04-10 15:57:28.711361
3,Jeffrey,White,2007-11-18,,2021-12-28,158,2026-01-18 15:29:28.489125,2026-01-27 18:50:32.230820
4,Brandon,Bell,1912-12-26,,2022-02-23,174,2026-04-13 21:51:58.941931,2026-03-28 11:35:50.138270
5,Alfred,Hayden,1985-10-09,F,2020-11-25,127,2026-03-24 16:54:14.848130,2026-03-31 02:46:39.608876
6,Whitney,Bishop,1911-12-16,F,2022-10-10,133,2026-03-24 02:44:07.588118,2026-01-09 09:03:15.767493
7,Paula,Nguyen,2020-02-22,M,2023-02-19,140,2026-03-27 11:27:07.050498,2026-02-27 06:38:21.809090
8,Maria,Horne,1987-02-04,M,2020-04-27,88,2026-02-20 04:12:35.973623,2026-03-06 19:03:01.825289
9,Rachel,Hernandez,1937-05-27,,2021-12-11,19,2026-03-09 22:42:42.892171,2026-04-05 06:45:56.835924
10,Andrew,Bennett,1988-04-18,M,2023-07-12,156,2026-03-31 04:06:45.129614,2026-03-06 19:48:29.988794
11,David,Ryan,1916-06-02,,2022-01-10,173,2026-03-28 02:23:49.746114,2026-03-23 06:35:27.349363
12,Madison,Norris,2016-06-20,F,2024-03-08,49,2026-02-06 02:17:39.090060,2026-04-06 04:19:27.099260
13,Nicole,Phillips,1971-01-23,M,2025-10-26,142,2026-03-15 13:16:13.894301,2026-04-04 16:06:13.758520
14,Alexander,Thornton,1970-02-08,M,2020-04-20,44,2026-03-29 01:07:15.344039,2026-03-18 09:46:31.623106
15,Michael,Hamilton,1917-09-15,F,2021-06-18,57,2026-02-12 14:33:58.655268,2026-02-25 03:21:59.356218
16,Linda,Smith,2010-08-23,M,2021-07-05,105,2026-03-27 14:09:36.499455,2026-03-28 21:31:07.766367
17,Matthew,Gonzalez,2008-12-12,F,2020-12-31,15,2026-02-16 10:19:02.776096,2026-03-16 18:36:22.037259
18,Michael,Cole,1967-05-31,,2020-05-13,3,2026-01-23 15:00:27.994931,2026-03-04 17:33:31.928237
19,Timothy,Johnson,2002-02-24,,2023-02-28,140,2026-03-27 12:10:56.260816,2026-02-27 16:07:28.901002
20,Charles,Espinoza,1929-04-11,,2025-09-15,118,2026-01-26 00:30:01.522742,2026-02-04 22:19:23.447551
21,Daniel,Hardy,1943-01-14,M,2021-11-01,169,2026-01-13 07:24:34.432042,2026-03-21 09:57:12.879754
22,Michael,Mason,1997-09-04,M,2021-11-05,91,2026-03-11 14:44:39.116925,2026-03-02 22:29:26.345091
23,Chad,King,1944-12-23,F,2021-06-15,57,2026-02-09 09:53:40.477971,2026-01-24 22:54:01.254906
24,Jennifer,Anderson,2002-06-21,F,2024-03-28,195,2026-01-02 23:13:15.903364,2026-01-30 08:59:40.517696
25,Johnathan,Weeks,1965-06-10,,2025-05-08,183,2026-02-26 15:01:30.567911,2026-03-24 01:01:33.284040
26,Matthew,Ward,1995-01-14,M,2022-09-08,19,2026-01-03 08:10:55.948639,2026-03-18 10:55:07.975691
27,Jimmy,Bailey,2015-11-24,,2022-10-02,197,2026-04-13 18:51:04.873817,2026-02-11 17:15:40.769225
28,Christopher,Combs,2015-12-05,M,2024-11-09,60,2026-01-04 00:46:15.152294,2026-02-24 13:48:05.189181
29,Patrick,Dunn,1970-10-25,M,2026-01-04,18,2026-01-27 20:16:50.891168,2026-03-07 16:57:52.745173
30,Angela,Gray,1957-04-08,,2022-09-17,190,2026-03-29 21:23:11.274233,2026-03-17 22:45:54.616863
31,Sabrina,Walker,1985-12-18,,2024-07-05,53,2026-03-23 23:48:08.230719,2026-01-26 22:32:59.843127
32,Sarah,Larsen,1989-08-01,,2024-03-20,194,2026-01-04 21:13:50.992378,2026-03-19 15:04:48.060837
33,Christopher,Guerra,1992-02-04,F,2024-03-25,187,2026-03-11 15:34:36.551341,2026-02-15 10:32:03.094263
34,Shaun,Esparza,1962-12-13,,2024-09-19,132,2026-03-05 01:27:14.011433,2026-04-04 22:12:04.105712
35,Maureen,Bush,1935-09-01,,2026-01-18,116,2026-03-22 16:23:46.112073,2026-03-07 11:40:48.815611
36,Carl,Franklin,1981-04-22,F,2025-10-22,84,2026-01-15 04:05:29.034503,2026-03-03 06:56:46.573313
37,Roger,Lewis,1989-03-29,F,2026-02-14,41,2026-03-16 22:42:37.192240,2026-02-04 14:13:20.182010
38,Frederick,Wood,1986-09-10,,2025-05-15,28,2026-02-03 17:33:41.429078,2026-04-07 11:52:21.759062
39,Alexandra,Meza,2022-07-01,M,2023-07-23,44,2026-01-30 05:20:01.263947,2026-04-13 12:40:15.972723
40,Terri,Ortiz,1975-06-16,M,2025-10-31,149,2026-01-02 10:54:13.027690,2026-02-26 06:03:50.535557
41,Susan,Johnson,1924-04-21,M,2025-06-17,155,2026-04-05 03:02:15.193704,2026-02-12 12:50:21.032845
42,Angela,Myers,2026-01-14,,2021-06-28,193,2026-03-11 04:23:58.182449,2026-01-30 07:31:51.191795
43,James,Lewis,2025-04-03,,2025-01-17,194,2026-04-06 07:36:47.808905,2026-02-28 10:33:10.642606
44,Amy,Sims,2020-09-28,M,2020-07-26,134,2026-04-06 11:20:33.699626,2026-01-25 04:52:17.597045
45,Jill,Davis,1913-01-06,,2020-08-08,146,2026-03-01 18:42:43.361213,2026-04-13 09:36:25.645014
46,Rachael,Fisher,1987-01-02,M,2021-06-25,63,2026-01-17 04:57:52.743217,2026-03-30 03:21:34.689085
47,Jeffrey,Hudson,2021-12-26,M,2025-09-23,18,2026-01-31 06:53:58.309631,2026-03-20 18:33:03.217807
48,Bryan,Neal,2023-01-31,M,2022-12-22,106,2026-01-15 13:39:37.767035,2026-03-03 09:38:30.335667
49,Laura,Adams,1916-05-04,M,2020-08-18,129,2026-02-22 06:04:53.210851,2026-02-14 12:33:35.012311
50,Natasha,Fields,1984-04-25,,2022-07-18,21,2026-03-16 00:37:34.620730,2026-01-09 15:07:27.797904
51,Jeremy,Henderson,1963-04-07,M,2024-12-03,136,2026-01-28 16:14:18.890381,2026-03-14 11:54:09.393959
52,Nathan,Taylor,1996-03-14,M,2022-09-22,135,2026-03-07 00:49:30.031861,2026-01-17 12:25:08.227019
53,Jessica,Thornton,1949-05-20,F,2021-09-19,69,2026-03-17 10:05:34.512606,2026-01-11 14:16:47.062316
54,Jeffrey,Chapman,1952-07-24,,2022-11-21,194,2026-01-18 06:03:19.778495,2026-02-22 18:44:26.073789
55,Kristy,Bradley,1910-10-23,M,2026-02-16,68,2026-03-20 22:07:48.682261,2026-03-22 14:59:52.280521
56,Joseph,Johnson,1926-11-24,F,2021-10-19,54,2026-01-08 08:21:34.248944,2026-02-26 01:59:25.556814
57,Tiffany,Peters,2022-01-10,M,2024-10-06,54,2026-02-08 17:24:37.880282,2026-02-07 18:41:44.790945
58,Richard,Jimenez,2001-05-07,M,2024-07-28,124,2026-03-04 01:21:04.029091,2026-03-11 21:03:41.635670
59,Linda,Rhodes,1982-09-21,F,2024-12-31,134,2026-01-15 23:48:47.340204,2026-04-09 00:03:07.378929
60,Jeffrey,Juarez,1999-03-02,M,2025-09-26,33,2026-02-27 02:21:09.443487,2026-02-10 19:23:16.536188
61,Cindy,Weber,1969-07-21,F,2022-11-03,19,2026-01-03 02:05:22.596816,2026-02-03 10:31:33.290954
62,Bruce,Wright,1962-12-28,F,2020-08-17,121,2026-03-09 22:57:01.260040,2026-01-15 15:46:46.369424
63,David,Kim,1920-07-19,F,2020-08-01,93,2026-03-17 21:31:04.882282,2026-04-09 19:43:06.270357
64,Thomas,Wilson,1969-06-01,,2021-04-07,142,2026-04-11 04:44:01.937357,2026-01-05 06:07:06.151323
65,Ann,Bailey,1997-11-07,,2022-06-23,129,2026-03-27 20:30:11.426165,2026-03-01 04:37:51.655900
66,Melinda,Murphy,1911-01-06,M,2021-01-19,8,2026-02-14 10:43:57.245594,2026-04-09 21:56:59.951283
67,Philip,Jones,1967-03-20,,2022-10-03,156,2026-03-26 14:02:05.399781,2026-01-31 08:06:08.812643
68,Melissa,Mayer,1985-07-26,,2025-06-29,73,2026-01-15 03:40:07.587898,2026-02-01 11:57:33.930343
69,Cynthia,Carter,1952-01-24,M,2022-01-28,121,2026-03-03 09:32:38.962247,2026-03-27 14:40:55.566090
70,Katherine,Rogers,1973-10-13,M,2021-11-19,55,2026-03-07 23:11:54.127929,2026-01-23 12:22:14.588884
71,Brittney,Davis,1994-03-28,,2024-05-03,49,2026-02-04 10:31:07.374842,2026-01-11 05:06:56.269729
72,Ebony,Sims,1946-08-03,F,2022-07-21,103,2026-03-31 18:48:27.230452,2026-04-02 03:24:55.266793
73,Gary,Garza,1990-04-03,,2021-05-14,109,2026-02-20 17:14:38.777523,2026-04-03 00:25:20.497441
74,Michael,Burton,1956-05-18,F,2020-02-24,7,2026-03-11 17:30:24.556721,2026-01-06 23:27:24.269465
75,Sheila,Ryan,2024-08-22,,2023-04-15,29,2026-03-28 21:55:29.449849,2026-02-18 16:15:17.459663
76,Anthony,Wall,1972-03-11,F,2023-09-12,107,2026-01-13 03:44:13.315291,2026-03-29 14:58:03.081877
77,Justin,Adams,1980-12-27,F,2024-06-20,159,2026-01-27 03:37:11.542144,2026-01-30 07:48:00.051476
78,John,Turner,1970-02-21,F,2024-12-04,100,2026-04-07 09:16:23.883134,2026-02-11 10:45:41.553095
79,Daniel,Smith,2023-04-14,F,2025-07-05,63,2026-01-15 07:07:22.329510,2026-01-11 06:10:53.704178
80,Chad,French,1970-05-04,,2020-04-04,176,2026-02-15 05:59:42.794446,2026-02-08 00:15:44.333936
81,Jennifer,Hines,2020-12-09,F,2022-07-26,55,2026-02-23 05:46:42.104609,2026-01-31 17:36:09.702784
82,Pamela,Hess,1959-09-10,,2021-10-02,19,2026-01-02 15:41:10.613067,2026-03-04 16:24:52.234963
83,Pamela,Rosario,2014-08-09,F,2024-09-03,163,2026-02-06 04:35:35.396704,2026-03-16 06:49:04.485445
84,David,Austin,1942-09-16,M,2020-04-11,59,2026-03-28 09:25:18.303624,2026-01-09 23:43:10.304210
85,Nicholas,Pugh,1927-01-21,M,2025-03-05,26,2026-02-14 12:46:38.775206,2026-02-19 17:53:25.506737
86,Mark,Bailey,2024-07-02,F,2022-01-28,68,2026-03-06 05:03:27.738567,2026-02-17 14:22:26.073211
87,Mitchell,Carr,1994-10-03,,2025-07-29,145,2026-04-03 00:29:17.454540,2026-02-27 08:20:15.073044
88,Brett,Goodman,1956-11-17,,2024-03-12,188,2026-03-20 20:37:06.152765,2026-02-08 14:40:35.928967
89,Sally,Clay,1938-05-17,,2024-03-26,121,2026-04-06 17:28:34.526048,2026-04-10 22:24:05.095170
90,Michael,Watson,1957-01-22,M,2022-05-25,71,2026-02-17 10:49:02.638578,2026-03-16 05:07:18.774598
91,Christopher,Waller,1951-11-28,,2020-08-29,160,2026-02-02 13:18:00.998902,2026-01-20 17:31:01.857441
92,Andrew,Pugh,1967-08-15,M,2025-10-18,133,2026-01-17 01:27:41.356331,2026-03-13 05:48:44.665333
93,James,Dennis,1930-12-19,F,2021-01-31,170,2026-04-08 08:31:48.517858,2026-03-28 09:44:20.347062
94,Shannon,Ford,2002-03-06,,2020-10-03,83,2026-03-20 05:01:08.753680,2026-04-07 09:41:36.258088
95,Jermaine,Hood,1994-11-28,F,2021-02-07,78,2026-02-06 03:50:46.458748,2026-01-07 05:35:16.526345
96,Mckenzie,Dickson,1957-04-13,M,2024-02-15,147,2026-03-01 01:00:14.094512,2026-01-09 17:58:15.964760
97,Ryan,Matthews,1988-07-05,,2022-05-19,167,2026-04-03 06:07:27.569324,2026-03-25 07:21:56.162743
98,Paula,Kline,1939-01-06,M,2024-09-23,2,2026-03-13 12:35:58.340163,2026-04-10 11:29:16.286457
99,Mike,Thompson,1999-09-22,F,2024-04-21,58,2026-02-09 11:43:42.865403,2026-01-22 00:15:37.319831
100,Anne,Jones,1917-11-25,,2020-02-11,109,2026-01-16 08:31:09.680324,2026-03-15 11:38:17.035209
101,Amy,Hamilton,1912-03-13,F,2025-11-20,132,2026-02-23 07:13:55.014444,2026-03-25 08:52:34.089645
102,Gina,Harmon,1965-11-21,,2021-02-21,184,2026-03-07 20:41:04.256383,2026-04-14 14:53:16.664099
103,Joseph,Parsons,1945-07-11,,2021-01-31,89,2026-04-07 13:24:12.823227,2026-03-04 15:17:17.245211
104,John,Morgan,2006-06-11,F,2021-08-24,161,2026-01-17 20:01:08.480265,2026-02-21 03:18:09.729421
105,Andre,Watson,1958-04-23,F,2023-02-26,133,2026-04-03 17:22:41.952646,2026-04-11 16:11:24.019247
106,Paula,Dillon,1925-02-23,,2024-06-13,35,2026-04-13 20:04:43.616979,2026-01-22 21:00:32.391816
107,Kevin,Brock,1978-01-01,F,2025-07-05,173,2026-01-23 14:21:18.631226,2026-01-21 05:21:03.731476
108,Thomas,Hull,2021-06-19,M,2026-02-10,153,2026-03-02 22:09:00.331673,2026-01-19 14:10:04.670466
109,Alejandro,Miller,1986-10-02,F,2025-12-23,9,2026-02-25 07:35:12.846801,2026-01-24 06:01:47.701046
110,Melinda,Hernandez,1965-01-10,M,2025-04-01,193,2026-04-03 08:28:35.856055,2026-01-07 00:08:47.209612
111,Peter,Arnold,1936-03-28,,2020-04-21,12,2026-01-12 18:10:25.450546,2026-03-14 16:48:04.249337
112,Ronald,Campbell,1936-08-07,F,2020-03-11,181,2026-04-05 17:42:08.609226,2026-02-28 16:29:23.003875
113,Chad,Koch,1910-05-29,,2023-11-18,153,2026-03-09 18:21:07.624506,2026-01-20 07:39:56.757432
114,John,Fleming,1975-12-23,,2021-03-17,197,2026-01-07 17:58:40.617759,2026-01-30 11:31:14.910977
115,Christian,Cortez,2016-03-17,M,2025-05-01,104,2026-04-04 05:03:38.852418,2026-01-15 09:33:36.793371
116,Jean,Moore,1992-11-27,,2022-08-09,62,2026-03-20 08:52:50.639253,2026-02-15 00:44:31.617593
117,Paul,Montgomery,1960-04-06,M,2022-01-26,155,2026-04-02 06:04:58.077060,2026-04-13 03:08:29.435994
118,Sara,Clark,1958-07-12,,2023-11-02,9,2026-03-17 05:43:22.685595,2026-03-09 21:14:39.137695
119,Joseph,Drake,1935-07-12,F,2022-10-28,199,2026-02-11 13:04:49.751520,2026-02-14 12:52:06.211741
120,Kenneth,Parker,1915-08-18,F,2020-09-29,160,2026-01-03 18:20:16.951658,2026-01-08 01:45:48.665479
121,Kimberly,Johnson,1940-10-09,,2024-12-17,198,2026-02-11 16:23:21.175820,2026-02-23 08:09:31.316608
122,Ricky,Ellis,1939-08-01,M,2025-04-26,57,2026-01-29 09:27:41.470492,2026-01-14 17:08:37.331378
123,William,Fuller,1990-06-07,M,2020-05-25,30,2026-02-17 04:33:39.963574,2026-03-22 01:39:52.739846
124,Crystal,Evans,1940-01-21,F,2020-06-15,141,2026-01-28 09:23:40.656803,2026-01-14 04:31:51.208673
125,Bryan,Cantu,2021-10-29,F,2024-10-09,93,2026-03-19 02:48:41.416754,2026-03-06 13:31:51.755564
126,Justin,Velasquez,1989-08-16,M,2020-08-06,159,2026-01-06 23:05:03.842425,2026-03-28 04:58:07.329821
127,Eric,Johnson,1997-02-05,F,2024-05-27,123,2026-01-15 08:52:43.414453,2026-04-04 07:59:41.481953
128,Steven,Campbell,1947-01-20,F,2021-10-30,52,2026-03-15 10:45:07.134804,2026-04-03 09:20:02.856745
129,Holly,Santos,1969-04-13,,2023-11-07,171,2026-03-29 01:05:30.735544,2026-01-02 03:16:12.587811
130,Brian,Burton,1988-01-20,M,2024-04-18,1,2026-01-13 00:40:02.236692,2026-03-12 21:06:01.838142
131,Roger,Curry,1978-08-27,F,2021-04-10,129,2026-01-06 21:04:52.660717,2026-04-10 00:49:26.215117
132,Brian,Martin,1980-11-16,M,2023-06-29,47,2026-01-23 18:10:44.960344,2026-04-04 17:50:38.326008
133,Joseph,Clarke,1979-02-25,,2020-11-18,188,2026-04-07 14:31:35.156483,2026-03-14 19:35:14.064293
134,Lauren,Perez,2002-02-25,M,2025-10-18,72,2026-03-14 08:13:36.204014,2026-03-04 11:28:02.740949
135,Gregory,Johnson,2013-02-07,,2024-08-02,166,2026-02-21 11:05:14.965189,2026-01-05 04:53:00.797380
136,Juan,Johnson,1935-07-22,,2020-05-20,82,2026-02-21 10:25:19.468356,2026-01-25 16:34:56.632969
137,Tommy,Mendoza,1929-06-29,F,2020-06-13,129,2026-01-20 21:06:38.846388,2026-02-12 12:52:10.300868
138,Angel,Snyder,1971-07-02,,2024-02-29,154,2026-01-10 10:19:20.925850,2026-02-02 08:54:54.584942
139,Robin,Sweeney,1958-09-16,M,2020-11-04,180,2026-03-29 20:50:05.246925,2026-02-12 10:32:16.561021
140,Eric,Hamilton,2007-10-05,,2021-07-12,197,2026-04-02 19:35:37.190327,2026-01-06 07:21:53.591875
141,David,Wells,2019-12-22,F,2021-11-30,194,2026-01-11 12:03:58.747728,2026-02-24 07:48:07.139060
142,William,Brown,1913-10-04,F,2020-02-20,186,2026-02-01 09:57:23.301677,2026-02-25 17:43:54.378811
143,Charles,Wood,2006-09-27,F,2022-01-11,137,2026-01-23 16:21:04.263301,2026-03-08 01:16:32.048074
144,Sylvia,Campos,1960-01-08,F,2024-07-28,68,2026-01-02 03:07:39.083827,2026-04-08 19:16:42.764950
145,Carol,Atkins,1991-11-28,M,2020-08-16,20,2026-02-22 13:11:32.994608,2026-01-18 07:10:08.001189
146,Kristi,Villarreal,1914-08-01,F,2020-04-27,181,2026-02-24 03:22:14.049239,2026-03-26 03:13:23.495129
147,Ronnie,Cross,1987-03-07,,2022-09-30,121,2026-01-25 14:34:29.459273,2026-01-19 20:21:43.966109
148,Allison,Kelly,1987-11-10,,2026-03-05,79,2026-01-31 09:01:09.542795,2026-01-31 14:33:56.247929
149,Sabrina,Austin,2020-11-02,,2020-08-12,8,2026-04-13 01:23:30.986138,2026-02-24 12:06:45.355993
150,Daniel,Peck,2012-04-19,M,2025-09-20,192,2026-02-12 18:05:19.965502,2026-03-08 16:20:49.845765
151,Michael,Meyer,1963-09-20,,2025-08-30,107,2026-02-08 07:19:34.991426,2026-01-30 22:35:15.276770
152,Kimberly,Sutton,1978-01-31,M,2023-01-31,70,2026-04-12 13:10:43.038036,2026-04-10 07:43:09.831971
153,Catherine,Johnson,1937-08-27,M,2025-12-10,107,2026-04-09 20:18:37.499520,2026-03-24 16:24:09.694545
154,Bob,Brooks,1971-01-04,,2023-06-06,160,2026-01-03 12:53:43.939028,2026-03-27 10:36:29.766614
155,Jessica,Powell,2007-08-20,,2023-05-30,39,2026-03-18 14:08:37.421332,2026-04-08 09:17:18.414927
156,Maria,Brown,1944-06-11,M,2023-02-14,83,2026-01-05 08:36:18.790608,2026-02-09 15:56:23.253782
157,Tyler,Martinez,1958-01-25,M,2024-06-29,187,2026-02-21 13:32:16.505140,2026-02-23 17:42:16.362124
158,Suzanne,George,1955-02-05,M,2025-06-17,34,2026-04-03 23:23:25.729772,2026-02-06 12:14:59.591557
159,Brian,Brown,2006-12-16,,2023-01-14,147,2026-02-07 01:29:22.365859,2026-01-09 05:12:24.683822
160,Carla,Peterson,2023-05-23,M,2024-08-02,153,2026-01-20 19:36:30.338311,2026-03-15 06:00:22.052239
161,Walter,Jacobson,1930-06-07,M,2020-12-04,88,2026-03-03 09:20:34.261612,2026-01-05 22:02:40.852219
162,Robert,Martin,2008-11-15,M,2022-08-11,186,2026-02-25 07:27:47.925687,2026-02-19 09:35:56.599322
163,Robin,Jackson,2022-04-23,M,2023-10-24,191,2026-02-02 01:14:00.391721,2026-01-27 02:38:57.719738
164,Paul,Mcmillan,1923-02-27,,2023-10-08,72,2026-01-15 07:19:50.634835,2026-02-27 22:59:14.996025
165,Christopher,Leblanc,2018-05-16,M,2021-02-09,192,2026-03-19 13:16:37.212051,2026-02-20 22:00:50.126682
166,Michael,Walker,1992-07-15,M,2023-07-08,118,2026-02-05 20:31:21.271683,2026-04-11 07:15:51.340266
167,Matthew,Lane,2011-01-30,,2026-01-25,118,2026-01-20 19:46:14.196785,2026-01-02 04:01:48.491616
168,Stephen,Perez,2025-08-09,M,2021-10-20,192,2026-02-14 09:38:13.025254,2026-01-16 17:43:19.603893
169,Darlene,Farmer,1954-04-21,,2025-07-10,172,2026-01-24 06:59:34.484977,2026-03-29 03:20:56.293428
170,Rebecca,Williamson,1935-07-29,F,2025-01-29,10,2026-01-26 07:57:39.974456,2026-02-08 13:44:09.011718
171,Matthew,Acosta,2007-09-03,M,2020-12-25,100,2026-01-17 04:21:09.768645,2026-03-30 10:59:32.519000
172,Scott,Gonzalez,1977-02-14,F,2025-06-24,150,2026-01-07 23:35:29.734551,2026-04-13 13:58:00.036900
173,Michael,Love,1993-02-23,M,2025-05-12,69,2026-03-22 09:50:16.300609,2026-01-08 15:40:51.307750
174,Daniel,Bennett,1934-11-13,M,2022-09-28,159,2026-01-16 17:16:49.869100,2026-03-31 20:50:15.552490
175,Ann,Richardson,1910-11-14,M,2020-09-27,112,2026-03-17 21:07:42.636692,2026-03-10 23:59:13.988510
176,Luke,Campbell,1980-10-01,M,2021-02-21,138,2026-02-12 22:28:50.424401,2026-03-03 10:21:31.011249
177,Douglas,Moon,1934-01-17,M,2023-03-03,68,2026-03-18 22:21:04.475264,2026-02-23 16:02:27.762666
178,William,Burns,2019-03-14,M,2020-09-15,20,2026-01-09 21:05:26.086565,2026-03-09 20:38:01.771662
179,Brenda,Atkins,1962-04-06,M,2024-12-12,40,2026-02-02 17:43:25.108603,2026-01-29 03:46:20.959600
180,Lynn,Mejia,2003-09-22,F,2020-02-25,63,2026-03-29 19:55:18.053777,2026-03-31 21:13:07.925909
181,Ralph,Mclaughlin,1920-02-29,,2026-03-13,153,2026-01-14 09:32:23.348651,2026-02-18 21:08:12.733131
182,Catherine,Daniels,1968-03-15,M,2022-03-03,9,2026-02-17 10:15:12.737603,2026-04-10 17:45:16.778212
183,Barbara,Freeman,2000-04-14,M,2025-07-19,191,2026-01-30 12:06:08.552209,2026-01-25 16:44:03.362833
184,Benjamin,Obrien,1963-04-24,,2022-05-04,64,2026-02-03 02:27:13.293323,2026-03-05 05:10:53.325193
185,Cynthia,Kelley,1933-03-29,F,2022-02-20,132,2026-03-14 21:13:06.219776,2026-04-14 01:35:26.581669
186,Julie,Hill,1991-10-03,,2023-02-13,155,2026-02-04 12:54:56.655743,2026-04-09 20:09:02.760767
187,Joe,Park,1954-11-14,,2024-05-09,171,2026-01-19 16:55:39.240330,2026-02-01 11:36:22.210625
188,Melissa,Mendoza,1925-08-15,,2020-04-27,91,2026-03-08 09:11:07.432500,2026-03-24 04:09:46.426201
189,Christine,Reyes,1977-07-19,M,2020-11-01,35,2026-03-02 14:47:00.648356,2026-01-14 11:01:23.367895
190,Scott,Taylor,1926-10-06,F,2020-03-26,119,2026-03-04 17:41:20.072400,2026-03-10 13:08:33.305970
191,Karen,Wells,1968-08-02,F,2023-08-23,91,2026-02-18 18:41:17.511272,2026-02-24 07:05:08.070853
192,Brittany,Jones,1966-08-18,,2023-10-30,77,2026-03-22 05:55:52.039198,2026-01-03 08:38:53.020687
193,Hannah,Williams,1934-01-08,,2022-12-14,84,2026-01-11 04:38:12.461655,2026-01-26 17:33:24.021696
194,Hector,Adams,1977-05-17,F,2020-10-15,145,2026-03-26 20:04:27.807150,2026-01-14 15:04:06.048417
195,Shawn,Perez,2018-03-20,,2022-05-26,141,2026-02-12 15:30:54.512067,2026-04-12 10:28:45.285938
196,Dustin,Tucker,1920-11-13,M,2024-11-15,158,2026-01-31 20:53:49.823828,2026-02-02 18:16:53.379524
197,Rachel,Meyers,2000-01-14,F,2024-01-01,180,2026-04-11 09:33:15.741912,2026-01-27 10:17:12.764754
198,Andrew,White,2001-10-27,F,2020-05-17,40,2026-03-17 03:13:42.714854,2026-03-29 08:10:33.400522
199,Donna,Smith,1938-11-09,M,2022-05-11,60,2026-01-06 11:44:50.267771,2026-02-03 01:31:12.737442
200,Carlos,Beck,1993-01-28,F,2021-01-23,100,2026-01-14 02:49:00.976051,2026-02-15 17:37:02.200181
201,Melissa,Ellis,1924-03-12,F,2023-08-06,109,2026-03-26 10:58:34.682971,2026-03-12 23:06:28.234579
202,Julie,Wheeler,1992-04-04,,2026-01-23,198,2026-03-26 23:57:41.019693,2026-01-31 16:03:11.124689
203,Elizabeth,Malone,2017-10-31,M,2025-09-07,90,2026-02-27 10:06:05.741373,2026-04-09 08:55:29.002798
204,Michael,Clark,1972-04-08,M,2024-02-12,86,2026-02-07 22:33:08.648579,2026-04-12 06:37:02.967122
205,Jasmine,Douglas,1954-01-14,,2024-05-25,8,2026-03-12 10:32:27.687433,2026-02-01 03:31:02.711638
206,Karina,Martinez,1973-03-16,,2024-10-23,39,2026-03-20 21:09:05.286846,2026-02-10 01:01:35.272836
207,Jeffrey,Christian,1917-01-21,M,2023-12-22,157,2026-04-08 05:26:49.826493,2026-03-03 08:06:26.909827
208,Amy,Price,2007-12-25,F,2023-01-31,107,2026-03-25 15:33:02.407184,2026-03-12 07:43:45.433026
209,Devon,White,1910-05-07,,2022-04-12,87,2026-02-18 01:56:23.056713,2026-02-14 03:58:25.664988
210,Michelle,Harrison,1997-08-02,F,2023-01-10,154,2026-01-11 10:34:16.675132,2026-01-01 07:36:13.784446
211,Alexander,Brown,2007-04-16,,2025-05-08,33,2026-03-28 16:52:52.912312,2026-04-06 06:21:53.133652
212,Michael,Brown,2000-10-31,M,2020-09-29,89,2026-01-10 14:51:09.167244,2026-04-12 17:58:21.374928
213,Kara,Davis,1978-01-10,M,2023-06-09,126,2026-01-23 05:45:14.044771,2026-04-11 03:48:42.281395
214,Patrick,Norris,1962-09-13,M,2021-09-20,186,2026-02-27 03:59:39.850932,2026-01-16 11:22:13.610433
215,Terri,Gomez,2023-03-03,M,2024-09-26,154,2026-01-08 09:14:56.987485,2026-03-07 15:39:18.657403
216,Amy,Lane,2014-08-20,M,2020-02-07,50,2026-02-17 22:07:42.615798,2026-02-07 06:47:43.533109
217,Julie,Valdez,2014-05-14,M,2024-05-13,104,2026-01-10 16:56:14.390608,2026-03-24 23:29:46.288316
218,Timothy,Mccarthy,1943-11-03,F,2025-11-06,80,2026-01-29 05:56:32.800263,2026-01-27 23:15:25.110599
219,Natalie,Rogers,1957-10-31,F,2025-09-17,55,2026-04-12 16:46:32.325967,2026-01-13 09:51:46.169218
220,Melanie,Moss,1946-05-07,M,2025-03-16,5,2026-01-16 13:44:31.372101,2026-03-03 10:56:30.045760
221,Rhonda,Ortiz,1974-03-12,F,2024-04-20,69,2026-01-31 23:43:50.841516,2026-04-06 23:28:33.194434
222,Tammy,Walker,1934-05-15,F,2022-01-07,93,2026-02-11 00:54:18.960727,2026-03-03 17:45:03.709170
223,Thomas,Allen,2019-05-01,,2022-09-08,66,2026-02-21 19:56:28.315481,2026-01-09 23:49:51.939781
224,Kimberly,Pearson,2008-05-06,M,2025-08-28,89,2026-02-28 23:59:41.476681,2026-03-18 11:25:55.366676
225,Joseph,Brown,1948-09-05,M,2020-01-24,61,2026-04-01 09:22:43.151986,2026-01-23 15:24:27.518449
226,Amy,Garcia,1977-01-26,,2022-08-09,91,2026-02-26 20:13:11.695140,2026-03-08 04:19:26.248134
227,Christopher,Smith,1968-01-01,M,2023-04-23,176,2026-04-08 02:19:28.741890,2026-01-10 23:33:03.064549
228,Greg,Johnson,1976-09-19,M,2023-10-25,24,2026-02-26 13:54:05.183788,2026-01-20 04:32:16.722620
229,Valerie,Mcdowell,1981-10-17,F,2022-09-08,197,2026-03-24 12:13:37.907198,2026-01-21 05:20:07.827682
230,Denise,Long,1976-11-05,F,2022-11-11,117,2026-03-22 23:28:43.604305,2026-01-02 12:49:37.125253
231,Aaron,Leon,2003-05-11,F,2021-06-09,148,2026-01-12 05:36:02.042328,2026-03-13 14:13:33.905236
232,Brandon,Dixon,1917-03-24,,2026-03-20,49,2026-01-12 13:20:11.699863,2026-01-25 05:11:41.805220
233,Veronica,Clay,1977-01-09,F,2021-06-09,163,2026-01-04 08:36:34.675740,2026-02-24 06:45:24.070457
234,Bryan,Skinner,1973-03-06,,2020-04-18,7,2026-02-24 18:12:48.016664,2026-03-20 18:35:33.645581
235,Sandra,Baker,1940-08-21,,2024-12-16,79,2026-02-24 04:45:01.084262,2026-04-07 14:44:19.829272
236,Julian,Hernandez,1985-08-10,,2020-01-26,70,2026-02-09 01:53:21.537311,2026-02-22 01:33:56.286709
237,Jasmine,Bennett,1923-11-10,M,2020-09-22,36,2026-01-26 03:46:20.084158,2026-01-04 10:22:05.425822
238,David,Obrien,1944-11-04,,2020-07-15,79,2026-02-01 10:31:28.437015,2026-02-21 23:28:58.264153
239,Michael,Tran,1968-10-06,M,2023-12-26,6,2026-03-15 06:16:50.074239,2026-02-18 22:47:59.360462
240,Mary,Lee,1916-05-17,M,2020-11-26,14,2026-01-11 20:14:49.594819,2026-02-15 17:07:35.180502
241,Amy,Cain,1949-06-07,M,2020-06-29,179,2026-02-24 01:20:48.969024,2026-02-03 05:48:34.483389
242,Dylan,Melton,1967-11-05,F,2026-01-07,96,2026-03-26 19:08:25.720151,2026-01-15 07:18:56.789005
243,Jesus,Marshall,1980-03-16,F,2021-08-09,154,2026-02-25 05:09:51.628572,2026-04-03 08:46:06.927347
244,Gregory,Branch,1918-01-15,M,2021-02-14,116,2026-03-23 11:38:26.665958,2026-02-10 02:07:34.651479
245,Walter,Beard,1918-03-21,F,2022-04-21,74,2026-03-15 19:04:47.397932,2026-02-10 13:59:24.412027
246,Paula,Rodriguez,1920-09-19,M,2024-01-09,43,2026-02-21 11:34:09.131060,2026-02-12 19:24:23.612715
247,Cameron,Lee,1958-05-10,,2024-01-31,17,2026-04-12 14:22:03.815343,2026-03-12 15:45:34.132344
248,Bryan,Bell,1920-07-07,M,2021-06-20,200,2026-01-06 15:01:32.592316,2026-03-08 17:19:54.861437
249,Susan,Krause,2004-07-07,M,2023-08-21,53,2026-02-23 18:42:04.925569,2026-04-08 15:18:44.467614
250,Danielle,Wang,2023-08-25,,2026-04-07,90,2026-03-20 17:48:42.077522,2026-02-05 06:28:48.856401
251,Jesus,Mendoza,1983-08-02,F,2020-10-27,115,2026-02-09 04:35:26.244716,2026-01-21 03:33:04.500528
252,Jeremy,Ramirez,1979-02-05,M,2025-01-12,117,2026-01-10 14:37:47.459602,2026-03-09 13:03:19.030119
253,Kelly,Morton,2025-08-08,M,2022-07-01,106,2026-03-07 16:06:53.071972,2026-03-20 06:23:00.455845
254,Stacey,Chambers,1991-11-09,,2023-12-22,141,2026-03-13 21:47:53.057222,2026-03-19 14:41:18.686415
255,Jamie,Nielsen,1949-01-23,,2024-12-01,121,2026-04-02 11:03:57.821048,2026-03-02 05:08:03.646054
256,Charles,Anderson,1931-12-16,,2021-05-02,133,2026-02-18 16:38:07.179665,2026-01-25 19:13:29.308277
257,Tracey,Vaughn,1918-04-08,F,2023-01-01,33,2026-04-02 11:48:10.578893,2026-03-31 18:50:55.637176
258,Tiffany,Anderson,1950-01-13,M,2025-11-24,7,2026-03-11 17:43:01.557751,2026-03-17 08:47:39.513018
259,Matthew,Nichols,1932-11-30,M,2021-02-12,22,2026-03-18 23:19:54.796344,2026-01-09 20:08:10.781395
260,Kent,Davis,1990-02-17,,2023-01-01,45,2026-03-09 06:18:30.231086,2026-02-12 01:55:56.578066
261,Denise,Burton,1938-07-05,,2022-12-05,181,2026-03-10 16:59:26.445775,2026-03-08 07:33:33.325014
262,Robert,Lopez,1947-07-10,M,2026-03-17,52,2026-01-09 10:13:25.250713,2026-03-20 00:06:44.801970
263,Diane,Gomez,1997-04-06,,2021-04-09,134,2026-01-01 17:02:27.215822,2026-02-25 11:44:27.208315
264,Robert,Cole,2007-11-11,F,2025-09-20,63,2026-01-27 17:03:49.593848,2026-02-05 12:51:50.243219
265,Brandon,Sanders,1996-06-10,,2022-01-12,54,2026-03-23 09:55:09.875995,2026-01-27 21:08:36.486164
266,Kara,York,2024-07-25,,2021-06-09,151,2026-03-29 00:48:37.147879,2026-04-03 11:50:11.120314
267,Jonathan,Vaughn,1923-07-03,M,2023-01-18,165,2026-02-13 20:36:01.949323,2026-04-09 17:08:04.403861
268,Erin,Moss,1924-09-18,F,2020-07-31,184,2026-03-20 22:15:45.945909,2026-01-08 02:17:43.479268
269,Brandon,Allen,1913-12-24,,2024-08-09,72,2026-02-23 14:14:14.575860,2026-02-08 00:55:43.842001
270,Andrew,Salinas,1989-12-30,M,2021-06-27,148,2026-02-07 01:53:19.011600,2026-04-04 13:36:11.874845
271,Chris,Mejia,1991-04-03,M,2021-04-22,181,2026-01-28 17:03:12.018610,2026-03-24 02:54:03.461750
272,Shelly,Miller,2020-07-25,M,2025-06-17,137,2026-02-13 09:16:32.409872,2026-04-11 03:16:55.335718
273,Dawn,Hernandez,1998-09-09,,2020-05-23,3,2026-03-30 00:18:41.871740,2026-03-16 00:25:47.228059
274,Keith,Miles,1940-01-29,,2025-10-19,162,2026-01-08 06:51:55.634038,2026-01-06 16:16:19.878593
275,Carol,Kennedy,1921-03-29,F,2022-12-20,1,2026-03-20 07:53:24.429098,2026-01-24 08:18:43.359653
276,Michael,Harris,1974-10-22,,2024-09-04,104,2026-04-08 14:12:08.533107,2026-01-04 19:03:42.677025
277,Tammy,Jackson,1932-08-28,F,2024-06-08,88,2026-02-27 11:04:06.188109,2026-04-08 09:40:00.046468
278,Blake,Hughes,1970-08-18,,2026-03-23,46,2026-04-01 01:53:02.405296,2026-01-01 23:34:23.565105
279,Timothy,Small,1968-05-07,F,2024-04-16,3,2026-03-07 01:07:36.141003,2026-01-30 13:58:49.156328
280,Andrea,Owens,1950-04-10,F,2024-02-01,30,2026-01-21 20:15:53.088608,2026-04-09 07:51:15.748232
281,Jacqueline,Hoover,1948-04-21,,2021-11-27,31,2026-02-23 06:59:11.672680,2026-03-03 10:12:49.261257
282,James,Gonzalez,1953-10-02,,2021-09-01,138,2026-03-01 13:40:24.042816,2026-02-01 21:37:29.645614
283,Angela,Mcmillan,1918-08-05,M,2023-01-10,179,2026-02-18 19:20:19.619805,2026-03-04 02:53:55.875303
284,Sarah,Dominguez,1965-12-14,F,2026-03-15,122,2026-03-25 11:00:59.524395,2026-02-24 13:46:53.376408
285,Michael,Vasquez,1927-02-27,M,2021-11-17,8,2026-02-24 09:32:55.106049,2026-01-03 23:14:17.552788
286,Sarah,Montgomery,1971-10-17,F,2020-09-15,100,2026-02-01 19:13:21.594546,2026-02-27 00:22:42.691989
287,Barbara,Browning,1950-09-12,,2025-03-22,88,2026-02-21 19:29:06.307749,2026-01-17 08:36:32.787436
288,Jay,Livingston,1940-11-02,,2022-02-10,129,2026-04-05 08:38:06.563694,2026-03-12 05:11:37.720150
289,Robert,Yoder,1955-07-29,M,2024-06-14,166,2026-01-08 00:34:22.499407,2026-01-05 09:58:10.999478
290,Michael,Terrell,1974-10-18,,2020-03-29,164,2026-04-01 02:32:54.583100,2026-02-06 00:12:16.147295
291,Molly,Gilbert,2020-03-12,,2025-04-03,104,2026-02-13 17:34:55.548635,2026-03-08 12:12:48.837808
292,Glenn,Sweeney,1921-11-01,,2024-12-09,131,2026-03-31 15:29:18.641126,2026-01-24 05:46:45.052119
293,Joseph,Lane,1911-10-13,,2025-07-22,193,2026-01-26 04:34:25.511699,2026-03-27 06:04:58.958373
294,Donald,Taylor,2008-11-05,M,2023-12-06,20,2026-03-12 22:02:37.136463,2026-03-10 19:14:07.988851
295,Christopher,White,1927-05-05,F,2020-09-25,40,2026-04-10 22:11:49.757199,2026-03-28 10:49:28.377721
296,Charles,Holland,1990-08-25,F,2023-07-28,29,2026-03-20 22:20:23.331587,2026-01-10 14:13:34.035898
297,Harold,Davis,1943-02-20,F,2025-11-13,29,2026-02-28 16:09:54.075484,2026-03-12 13:22:54.244320
298,Wesley,Baker,2019-10-11,,2020-07-21,43,2026-01-07 16:59:12.368170,2026-01-17 06:17:50.273327
299,Kelly,Gilbert,2025-10-06,F,2023-08-16,69,2026-02-08 21:35:55.647935,2026-04-14 13:44:32.413871
300,Victoria,Watson,1919-03-08,M,2026-01-31,83,2026-03-06 00:27:53.449492,2026-02-10 17:42:26.574110
301,Jennifer,Hernandez,1971-07-04,,2023-08-12,178,2026-01-02 23:14:26.025412,2026-01-08 22:29:03.360946
302,Richard,Bradley,1975-12-26,F,2021-12-24,86,2026-03-07 09:36:03.956945,2026-01-21 19:21:13.091737
303,Gary,Morris,1986-09-29,,2023-03-24,48,2026-04-10 03:00:28.070492,2026-04-03 15:33:03.918094
304,Jason,Wagner,1932-03-26,,2021-01-27,157,2026-03-30 14:05:49.177012,2026-04-09 09:57:12.796165
305,Lindsay,Graham,2015-08-29,M,2025-06-29,132,2026-03-02 01:24:40.203807,2026-04-11 12:59:55.424166
306,Martin,Nichols,1920-11-15,,2022-02-03,52,2026-01-18 10:49:51.023034,2026-01-06 12:57:02.048825
307,Justin,Hobbs,1975-03-26,M,2020-04-05,174,2026-04-08 11:17:11.622595,2026-01-02 11:24:09.308372
308,Alisha,Bates,1968-03-22,,2020-08-16,160,2026-01-06 19:11:35.809665,2026-01-22 20:37:42.173626
309,Alexander,Jenkins,1983-07-07,F,2025-04-03,183,2026-02-18 04:11:52.321551,2026-01-06 12:46:04.134649
310,Tammy,Ortiz,1921-10-24,M,2022-10-31,109,2026-01-13 03:34:12.594884,2026-03-23 06:37:15.057582
311,Jennifer,Jensen,2000-11-17,,2020-10-17,39,2026-03-27 06:01:02.681960,2026-01-30 05:28:08.845655
312,Debra,Stewart,2003-02-23,M,2024-07-22,18,2026-03-04 05:50:35.041103,2026-04-12 21:42:19.452726
313,Leroy,Wade,1991-07-28,M,2026-01-11,135,2026-01-25 22:50:23.415552,2026-01-25 05:27:34.821717
314,Desiree,Tucker,1926-12-31,F,2024-02-15,15,2026-02-15 10:11:23.431379,2026-02-22 13:26:11.241017
315,Kim,Nguyen,2015-11-22,,2023-04-07,11,2026-02-06 01:27:05.932254,2026-04-02 09:12:02.602792
316,Kelly,Stanley,1968-11-08,M,2021-05-05,197,2026-02-26 14:40:51.060387,2026-01-19 19:40:21.260950
317,William,Reilly,1948-03-06,M,2022-08-26,151,2026-03-17 08:43:18.878456,2026-01-03 17:37:58.625823
318,Amy,Watson,2001-08-23,,2023-09-18,2,2026-03-02 10:46:06.827221,2026-03-03 01:18:28.026386
319,Jonathon,Williams,2016-10-15,,2023-06-27,157,2026-01-02 13:43:29.120221,2026-04-12 20:31:42.197120
320,Frank,Taylor,1998-12-09,F,2024-09-22,5,2026-01-24 10:34:11.959873,2026-03-18 01:40:05.345123
321,Leslie,Martin,1977-06-01,M,2026-01-24,194,2026-03-22 17:31:42.968552,2026-01-17 07:47:41.929670
322,Amy,Frank,1919-12-22,F,2021-11-12,2,2026-01-31 13:13:33.210595,2026-01-15 02:59:13.876728
323,Bryan,Coleman,1946-08-21,,2021-05-11,55,2026-01-16 18:40:50.822963,2026-02-27 22:19:03.129742
324,Abigail,Schroeder,1921-09-16,F,2020-10-04,9,2026-03-25 05:22:49.888181,2026-03-23 10:19:01.950854
325,Jason,Jones,1949-10-17,M,2021-11-06,146,2026-04-02 19:55:13.248088,2026-03-26 20:28:00.401102
326,Daniel,Daniels,2014-08-04,,2023-01-18,106,2026-03-10 00:08:19.926362,2026-03-17 19:30:02.650034
327,Stephanie,Herrera,1975-12-27,M,2021-08-02,154,2026-01-09 15:42:29.828165,2026-02-09 05:07:29.361658
328,Debra,Bass,1984-07-21,,2024-10-28,57,2026-02-14 16:08:31.306924,2026-03-28 13:56:54.239980
329,Edward,Cooper,1956-03-13,M,2021-08-27,72,2026-03-29 21:47:19.379398,2026-01-09 17:04:06.026491
330,Robert,Key,1957-12-22,,2021-11-07,181,2026-02-19 18:53:47.046911,2026-02-23 17:39:30.172909
331,Diane,Rodriguez,1953-06-21,F,2022-09-28,190,2026-04-11 15:45:46.543561,2026-02-27 00:11:29.733314
332,Edward,Hall,1962-03-12,,2022-09-22,120,2026-03-13 07:59:25.873481,2026-02-19 11:37:11.308173
333,Lauren,Campbell,2018-02-04,,2022-07-14,156,2026-01-11 06:34:30.071966,2026-04-13 06:26:14.892828
334,Sarah,Russell,2006-04-07,M,2025-06-01,63,2026-03-20 03:05:36.732789,2026-02-08 23:02:36.487434
335,Brian,White,1944-02-10,F,2024-02-29,88,2026-02-26 00:47:20.532390,2026-01-04 19:02:58.939809
336,Lisa,Carter,2017-04-01,,2020-04-27,49,2026-04-09 16:12:58.509770,2026-02-22 17:31:00.893668
337,Lisa,Young,1926-12-26,,2020-11-26,80,2026-02-21 15:34:20.669196,2026-02-08 16:19:57.290936
338,Dean,Lewis,1968-11-30,F,2025-01-30,79,2026-04-11 13:59:48.099314,2026-01-26 10:31:37.822346
339,Megan,Moore,2021-12-13,,2025-01-15,57,2026-01-31 10:57:46.240469,2026-01-31 21:54:26.100612
340,Hayden,Moore,2021-10-11,M,2025-05-12,21,2026-02-14 03:11:05.492377,2026-02-27 01:26:09.603137
341,Betty,Smith,1996-11-21,,2025-03-19,47,2026-04-01 08:05:43.964676,2026-03-14 23:26:03.157623
342,Robert,Graves,1985-08-04,M,2023-07-05,158,2026-04-13 22:23:29.033384,2026-04-04 08:16:57.645928
343,Jason,Patterson,1942-01-06,,2025-10-18,185,2026-01-01 11:15:39.612411,2026-01-19 02:20:40.544142
344,Michael,Kirk,1918-08-10,F,2022-09-17,80,2026-03-01 02:15:58.550799,2026-02-02 09:06:41.250753
345,James,Barry,1959-11-13,F,2022-09-15,35,2026-03-20 21:06:02.221924,2026-03-15 23:49:35.696551
346,Amber,Holloway,1998-11-06,F,2024-11-30,160,2026-02-13 03:46:08.121705,2026-01-30 23:59:32.620998
347,David,Higgins,1940-12-24,,2023-12-14,126,2026-01-08 10:45:03.922806,2026-01-27 08:48:44.423496
348,Benjamin,George,1949-06-25,M,2023-04-23,141,2026-04-06 15:08:56.288219,2026-02-09 09:33:53.003551
349,Virginia,Baker,2008-07-29,M,2025-02-08,88,2026-04-14 04:52:35.565639,2026-03-26 10:38:12.448565
350,Charles,Price,2021-03-14,M,2021-12-25,136,2026-03-11 22:38:21.180060,2026-02-15 04:52:22.134991
351,Glen,Norton,2003-11-07,M,2021-07-01,107,2026-03-29 17:24:01.098174,2026-03-24 21:28:17.380065
352,Gwendolyn,Mckee,1978-01-07,F,2022-12-16,2,2026-02-16 12:08:11.721259,2026-02-24 19:03:55.298985
353,Victoria,Rasmussen,1984-08-17,F,2020-06-21,43,2026-02-26 08:23:27.438715,2026-02-05 23:36:18.223504
354,Traci,Watkins,1934-03-22,M,2021-07-21,71,2026-01-03 15:15:16.683636,2026-03-08 05:42:58.173323
355,Tammy,Weeks,1953-06-30,F,2025-01-07,59,2026-02-03 12:50:48.197478,2026-02-28 20:39:39.575406
356,Linda,Greene,1944-06-13,,2022-09-17,179,2026-02-22 04:09:48.672204,2026-02-06 12:12:55.040963
357,Tracy,Watkins,1961-08-15,,2025-05-24,158,2026-04-12 16:36:52.835713,2026-02-22 16:04:53.007649
358,Lance,Nguyen,1944-11-05,,2024-06-12,54,2026-04-13 04:52:24.832486,2026-02-08 16:30:32.721148
359,Breanna,Anderson,2017-03-08,F,2024-02-11,64,2026-02-21 18:09:55.610475,2026-03-04 03:08:11.892894
360,Stephanie,Mcdaniel,1971-12-24,M,2020-09-21,97,2026-02-04 12:14:38.707231,2026-03-31 04:38:46.761834
361,Adrian,Riley,1941-10-24,M,2020-01-26,40,2026-01-06 01:33:51.825610,2026-04-11 00:50:22.621112
362,Steven,Sharp,1965-10-19,,2024-02-07,142,2026-02-24 06:06:24.511079,2026-03-05 17:46:32.773692
363,Michael,Salazar,1938-09-01,F,2023-05-15,119,2026-02-16 10:13:46.597456,2026-04-08 15:59:13.251996
364,Jeremy,Murphy,1955-03-27,F,2022-11-03,188,2026-01-24 06:01:51.277446,2026-03-19 14:52:36.998552
365,Gina,Hunt,1986-02-25,F,2021-11-16,10,2026-01-24 01:36:41.083753,2026-04-07 22:14:31.526366
366,Whitney,Munoz,1991-04-01,F,2026-02-25,105,2026-04-01 01:15:00.646321,2026-02-22 07:08:15.321394
367,Keith,Vasquez,1960-02-03,,2023-11-10,115,2026-01-29 01:06:08.811128,2026-03-07 19:20:42.854503
368,Melanie,Keller,1910-04-15,F,2024-05-02,172,2026-01-06 20:16:56.338626,2026-03-04 11:04:56.979100
369,Brooke,Brown,1977-11-20,,2024-02-01,3,2026-01-09 14:15:30.450319,2026-02-18 08:14:48.319679
370,Tamara,Blackwell,1949-07-02,M,2021-01-07,200,2026-04-10 07:02:12.950291,2026-03-09 22:31:51.768645
371,Elizabeth,Jones,1996-07-04,M,2020-10-10,125,2026-02-03 19:48:39.474675,2026-02-15 07:59:32.800325
372,Sabrina,Gibson,2001-12-15,M,2025-04-05,1,2026-01-08 06:41:51.150906,2026-03-23 13:55:06.963393
373,Jessica,Wagner,1933-12-10,,2023-07-23,176,2026-02-21 19:44:50.429152,2026-01-16 23:37:43.591491
374,Jill,Hayes,2013-09-25,,2021-07-05,81,2026-04-13 17:27:32.937232,2026-03-14 11:20:28.008372
375,Alexa,Lopez,1998-07-16,F,2024-10-14,60,2026-01-02 18:04:39.661045,2026-03-12 01:44:53.897539
376,Alyssa,Hernandez,1987-05-14,,2021-01-22,169,2026-01-06 16:08:27.341066,2026-01-03 07:41:07.396630
377,Joshua,Garcia,1931-02-22,M,2025-09-04,82,2026-01-19 03:25:55.807860,2026-03-18 12:44:41.026911
378,Hector,Malone,2000-12-08,M,2025-05-04,48,2026-02-24 11:48:38.693628,2026-01-29 20:15:47.483143
379,Mark,Buck,1928-05-10,M,2022-04-03,187,2026-02-18 21:08:38.052972,2026-04-14 04:04:27.277303
380,Erin,Dean,2000-03-07,F,2025-08-26,96,2026-02-24 18:51:20.685729,2026-02-25 19:24:07.408622
381,Alexis,Green,2022-10-10,M,2023-01-23,111,2026-04-10 16:42:07.284867,2026-02-11 11:01:16.421535
382,Robert,Brown,1925-06-15,F,2020-12-04,161,2026-03-02 15:53:31.164432,2026-04-14 00:26:07.109746
383,Samuel,Cunningham,1978-12-14,M,2021-09-03,72,2026-03-06 21:03:24.014220,2026-02-13 12:46:34.066140
384,Kristina,Donovan,1921-01-14,F,2024-03-16,113,2026-03-30 07:09:36.362643,2026-03-26 13:05:19.572953
385,Tiffany,Ward,1926-05-28,F,2022-02-19,64,2026-01-16 12:40:44.254905,2026-01-13 15:24:17.988924
386,Christopher,Hammond,1968-03-06,,2023-09-27,188,2026-01-17 02:31:26.241562,2026-02-04 21:19:48.581729
387,Cindy,Freeman,1929-10-23,,2022-12-28,51,2026-04-03 13:59:51.776146,2026-03-25 10:15:58.029572
388,Chad,Fuentes,2021-03-17,F,2023-12-16,189,2026-04-03 15:05:21.608125,2026-02-02 09:52:10.508635
389,Deanna,Ashley,1985-05-17,M,2023-07-07,187,2026-02-21 18:15:37.118799,2026-01-26 20:21:09.157190
390,Lori,Green,1948-05-27,M,2021-11-30,147,2026-03-25 16:32:21.939212,2026-02-04 20:49:57.678271
391,Jennifer,Jones,1985-11-03,F,2026-03-04,169,2026-02-10 04:20:28.521171,2026-02-21 18:51:24.371266
392,Shawn,Perry,2004-02-01,,2023-07-23,99,2026-01-04 09:11:45.470473,2026-01-12 09:15:58.568823
393,Michelle,Peterson,1944-06-02,,2023-11-21,2,2026-02-05 22:38:14.884711,2026-01-09 04:59:49.315954
394,Dennis,Smith,1999-12-20,M,2020-05-21,35,2026-01-02 01:09:32.236014,2026-02-28 18:08:32.242062
395,Chelsea,Thomas,1931-11-01,M,2023-09-17,115,2026-01-30 16:50:41.997915,2026-04-07 23:00:51.061948
396,James,Walters,1944-12-25,F,2023-08-01,139,2026-04-04 08:23:39.505922,2026-03-29 23:36:09.159513
397,Sandra,Best,1987-05-17,F,2024-07-13,105,2026-04-02 04:47:33.151919,2026-02-12 12:11:57.642533
398,Kevin,Williamson,1960-07-04,M,2020-08-19,133,2026-04-08 03:52:33.958243,2026-01-01 13:11:59.899535
399,Stephen,Harris,1919-12-04,M,2020-04-22,121,2026-02-13 12:36:09.867827,2026-04-11 01:46:06.844447
400,John,Collins,1993-08-13,F,2023-12-19,57,2026-01-08 03:02:12.298830,2026-01-02 18:01:49.093174
401,Tammie,Bradley,1974-05-01,F,2024-10-27,178,2026-02-16 07:58:56.849958,2026-02-06 01:08:16.225409
402,Ryan,Ballard,1962-02-18,M,2020-04-18,54,2026-04-01 15:26:57.451449,2026-01-08 11:35:18.033295
403,Amy,Davis,1910-08-17,,2021-08-02,106,2026-04-13 14:34:50.533297,2026-01-16 17:06:16.880353
404,Daniel,Carr,2005-03-13,F,2022-12-17,125,2026-02-18 15:27:26.747529,2026-02-10 19:38:07.862413
405,Frank,Jones,2012-12-31,,2020-06-15,19,2026-04-09 05:16:15.828173,2026-01-28 01:01:43.239729
406,Elizabeth,Franklin,1951-12-12,M,2020-01-08,151,2026-01-25 22:25:53.299846,2026-01-27 23:26:50.778905
407,Lori,Murphy,1995-07-02,M,2020-08-14,158,2026-03-25 03:10:35.506482,2026-04-07 05:06:01.741951
408,Jeff,Scott,1988-12-17,M,2023-09-01,152,2026-03-15 06:27:04.147683,2026-01-14 21:46:05.202612
409,Emily,Black,1958-08-16,F,2020-07-11,179,2026-01-01 03:38:02.831639,2026-03-11 02:55:35.957045
410,Christina,Berry,1913-06-09,,2024-09-09,42,2026-01-13 16:43:42.852484,2026-03-13 19:00:27.220552
411,Brandon,Williams,1996-04-09,M,2022-10-29,138,2026-03-05 10:38:26.484002,2026-02-04 20:05:03.504230
412,Isaiah,Campbell,1912-11-30,M,2021-04-19,55,2026-01-11 07:46:17.463539,2026-03-22 05:46:29.079681
413,Stephen,Greene,2014-05-16,M,2020-02-22,57,2026-04-11 14:00:09.524672,2026-04-03 18:36:37.489698
414,Garrett,Bray,1948-10-30,M,2020-08-06,40,2026-02-03 01:02:09.694187,2026-01-14 05:55:43.256255
415,Andrew,Mcclain,1965-10-02,,2020-03-03,181,2026-02-28 21:21:09.044291,2026-03-15 08:37:47.948990
416,Collin,Chambers,1950-03-01,M,2022-07-07,80,2026-03-20 14:49:53.932781,2026-03-27 01:54:13.747018
417,Chad,Jennings,1999-06-03,M,2020-09-29,110,2026-01-30 12:07:06.345379,2026-02-20 20:54:17.830849
418,Nicholas,Morales,2007-07-23,F,2024-07-01,164,2026-02-07 23:03:56.906312,2026-03-18 23:28:33.428613
419,Lisa,Lawrence,1960-07-06,F,2023-02-01,21,2026-04-14 11:36:38.980935,2026-03-01 11:34:38.770555
420,Scott,Callahan,1972-09-19,M,2021-02-26,174,2026-03-11 04:22:55.308700,2026-01-10 10:54:14.408978
421,James,Wright,1971-10-05,M,2024-02-29,145,2026-01-02 19:37:25.058172,2026-02-20 04:37:46.489284
422,Catherine,Hart,1966-09-14,,2025-06-03,22,2026-03-06 01:31:00.669485,2026-03-18 15:14:11.652238
423,Kelsey,Stewart,1932-02-08,F,2021-06-28,37,2026-02-20 21:12:17.909904,2026-02-11 01:35:32.518277
424,John,Roberts,1985-09-20,M,2022-11-21,184,2026-04-10 10:53:00.853071,2026-02-06 16:28:20.249768
425,Michael,Gonzalez,2003-02-08,F,2021-09-01,176,2026-01-23 09:04:34.216065,2026-03-27 22:28:23.772842
426,Robert,Lyons,1912-09-01,F,2025-12-29,179,2026-04-08 03:15:40.618420,2026-03-26 15:42:23.387078
427,Stephanie,Wall,1988-12-26,F,2025-08-09,141,2026-02-15 05:34:40.947041,2026-04-09 07:14:07.829080
428,Lucas,Wade,1971-10-17,M,2021-11-09,138,2026-01-16 12:35:07.644898,2026-01-21 11:12:30.922495
429,Amber,Lowe,1989-11-01,M,2022-01-16,135,2026-01-27 10:46:12.449275,2026-01-19 10:58:14.535284
430,Benjamin,Conley,1952-08-15,M,2026-03-30,117,2026-03-07 11:47:41.478400,2026-02-03 04:24:10.196328
431,Scott,Harmon,2008-11-09,,2025-09-06,28,2026-01-26 00:26:13.696313,2026-03-01 09:38:47.338230
432,Linda,Santos,1922-12-24,F,2025-04-08,108,2026-01-17 10:05:00.558013,2026-01-03 10:13:29.876089
433,Scott,Holmes,1925-05-17,M,2024-07-02,23,2026-03-14 03:41:44.867671,2026-04-12 06:36:13.494077
434,Theodore,Bird,1919-05-06,F,2021-03-13,169,2026-01-22 12:59:28.116036,2026-01-30 09:09:22.913820
435,Gwendolyn,Williams,1970-12-16,M,2024-07-24,103,2026-01-24 01:46:08.122916,2026-03-13 14:50:28.417710
436,Diane,King,1919-03-21,,2020-05-19,150,2026-03-29 18:07:58.569569,2026-01-08 13:35:19.027131
437,Cassandra,Butler,2004-05-01,M,2023-08-09,128,2026-01-21 07:59:07.898886,2026-02-21 22:49:47.213657
438,Clayton,Brown,1977-12-18,F,2024-03-14,95,2026-03-31 06:41:00.929327,2026-03-04 02:07:41.131924
439,Cindy,Powell,1973-04-15,F,2026-02-11,72,2026-02-05 04:03:22.088740,2026-04-13 22:45:09.865502
440,Walter,Barnes,2009-05-31,M,2026-04-09,191,2026-02-11 21:20:17.553951,2026-02-15 09:20:12.909250
441,Ronald,Blanchard,1966-09-07,,2025-08-28,67,2026-01-09 06:17:09.413307,2026-01-30 12:28:01.201149
442,Brittany,Pennington,1996-04-12,F,2023-05-16,84,2026-01-06 13:49:45.911339,2026-03-20 23:43:50.016987
443,Jacob,Duran,2012-07-14,M,2023-04-28,62,2026-01-29 19:29:35.948235,2026-01-27 02:06:21.410820
444,Crystal,Bond,2001-11-04,M,2025-12-16,191,2026-01-15 06:07:51.806808,2026-01-09 02:31:37.865774
445,Connor,Welch,2022-02-03,,2020-08-04,137,2026-02-05 02:36:24.158121,2026-04-11 09:27:15.488630
446,Andrew,Villegas,1945-01-26,,2024-01-26,150,2026-02-06 02:48:53.108675,2026-01-27 11:03:05.513534
447,Bradley,Shaw,1933-12-31,M,2024-12-17,107,2026-01-30 13:50:16.465888,2026-04-08 07:31:14.688282
448,Gregory,Hill,1963-05-07,F,2025-08-08,167,2026-04-12 02:56:57.562884,2026-02-26 03:29:56.984241
449,Mary,Walter,1975-04-01,F,2023-06-29,40,2026-02-19 03:49:02.557892,2026-02-06 13:58:02.670822
450,Ross,Schroeder,1934-06-05,F,2024-11-02,60,2026-01-26 01:59:24.011750,2026-04-02 20:48:02.792212
451,Bruce,Clayton,2002-08-15,F,2021-02-22,16,2026-01-05 09:45:21.138393,2026-02-20 04:41:37.263381
452,Paul,Townsend,1941-04-02,,2022-12-26,160,2026-04-09 11:23:29.660113,2026-01-30 05:59:49.717948
453,Erik,Booker,1971-05-25,M,2023-06-01,50,2026-01-04 23:30:36.820899,2026-02-19 04:35:41.064224
454,Megan,Ramos,1997-06-08,,2022-09-30,47,2026-02-22 18:06:53.302895,2026-02-05 16:37:43.434061
455,Jennifer,Fuller,1952-04-20,F,2024-11-25,114,2026-04-12 11:52:51.838156,2026-03-08 18:07:35.929173
456,Andrew,Foley,2017-02-08,F,2021-05-17,26,2026-01-31 00:01:14.523761,2026-02-21 19:57:49.785075
457,Christian,Santiago,1986-09-16,,2021-02-23,3,2026-01-26 15:28:53.466326,2026-01-02 20:30:27.703557
458,Chris,Roman,1912-07-16,M,2025-05-02,126,2026-04-13 22:49:08.535828,2026-03-19 12:20:53.016829
459,Carol,Harris,1925-12-25,M,2023-04-09,77,2026-03-16 18:07:00.980329,2026-04-07 05:42:52.982971
460,Colleen,Yang,2003-03-02,,2020-06-22,107,2026-03-31 06:07:19.674754,2026-03-26 04:07:56.080106
461,Kenneth,Blake,2014-10-13,F,2024-09-21,100,2026-01-25 21:31:18.719905,2026-02-07 08:47:56.573000
462,Jason,Barrett,1987-05-28,,2020-11-08,196,2026-04-08 10:31:22.863377,2026-03-25 14:41:13.868277
463,Linda,Long,1990-06-24,M,2023-08-03,84,2026-03-29 10:41:49.228985,2026-04-01 15:17:26.746550
464,Michael,Garrett,1961-11-09,M,2022-07-12,200,2026-01-31 22:11:39.280721,2026-01-06 01:26:57.519945
465,Melissa,Garcia,1942-08-10,M,2020-01-12,80,2026-02-05 06:21:23.423235,2026-01-03 18:58:23.540066
466,Todd,Kelley,1987-12-04,M,2020-03-08,183,2026-01-07 22:52:58.924936,2026-02-15 09:36:00.780463
467,Carlos,White,2025-05-14,M,2025-10-07,191,2026-01-24 22:43:26.940173,2026-03-30 16:07:30.350874
468,Elizabeth,White,2019-12-11,,2021-04-16,77,2026-03-05 02:33:49.061284,2026-03-03 08:24:28.853898
469,Matthew,Poole,1929-08-09,F,2025-09-11,125,2026-02-13 05:04:28.608338,2026-04-06 19:10:05.481377
470,Julie,Perez,1936-08-24,F,2025-11-24,23,2026-02-08 09:15:53.907621,2026-02-07 18:20:37.874178
471,Aaron,Carpenter,2024-02-10,,2022-05-27,92,2026-04-08 05:17:05.230295,2026-01-13 23:15:27.496856
472,Bryan,Mclean,1940-08-24,,2024-05-08,118,2026-04-01 12:22:42.592524,2026-01-03 11:16:51.517858
473,Victor,Young,1999-06-19,F,2023-01-02,199,2026-04-09 12:19:26.366694,2026-04-10 22:46:13.257256
474,Mary,Dennis,1912-09-22,,2020-03-13,148,2026-01-17 22:02:47.377297,2026-03-13 02:10:10.839236
475,Samantha,Bennett,1978-02-27,,2023-07-06,196,2026-03-17 18:54:22.142996,2026-03-19 07:56:15.696510
476,Zachary,Murphy,1914-02-07,,2021-06-21,170,2026-02-02 05:43:41.111867,2026-03-11 16:05:22.257244
477,Dorothy,Christensen,1987-10-24,M,2021-04-23,6,2026-02-08 07:42:34.996959,2026-01-12 16:37:24.293337
478,Steven,Marquez,1924-12-19,F,2021-01-02,107,2026-03-10 01:46:07.698590,2026-01-31 19:59:31.592213
479,Laura,Sexton,1954-09-10,M,2023-09-17,107,2026-02-17 21:38:54.660075,2026-03-17 10:21:36.238070
480,Brian,Brown,1961-03-11,M,2020-01-27,193,2026-01-13 16:11:43.057972,2026-04-10 07:47:27.950733
481,Kathleen,Martin,1959-09-30,M,2022-01-24,154,2026-04-02 19:14:05.459239,2026-03-17 14:33:41.285726
482,Charlene,Garcia,1939-08-13,,2026-01-01,180,2026-01-20 01:26:10.288620,2026-01-27 20:23:07.811252
483,Brandon,Allen,1986-08-27,F,2021-05-09,37,2026-02-07 13:57:13.511604,2026-01-20 20:08:59.358919
484,Debra,Anderson,1926-03-27,,2024-07-11,126,2026-02-22 10:29:19.349255,2026-03-06 21:06:40.892611
485,Sandy,Wheeler,1965-02-23,F,2025-01-20,123,2026-03-22 05:57:23.812170,2026-01-12 05:56:08.685827
486,Lisa,Garcia,2008-07-01,M,2021-12-03,134,2026-01-01 07:32:48.135544,2026-02-01 14:22:53.149565
487,Elizabeth,Macdonald,2001-09-22,,2025-12-29,181,2026-02-24 09:48:00.206876,2026-01-31 19:10:18.243217
488,Austin,Alvarez,1954-10-10,M,2025-02-05,115,2026-03-24 23:16:31.479897,2026-01-25 07:27:15.916142
489,Ryan,Alvarez,1942-09-21,F,2025-11-06,124,2026-01-05 10:46:07.482299,2026-02-03 07:53:40.293052
490,Timothy,Durham,1968-05-11,,2024-11-28,107,2026-01-29 02:36:03.370341,2026-04-12 04:30:16.720160
491,Alice,Powell,1947-07-24,,2021-01-30,164,2026-04-01 11:49:20.370653,2026-03-05 02:07:46.226622
492,Michael,Olson,1980-03-21,,2024-01-09,176,2026-03-15 18:45:40.471106,2026-03-05 08:43:52.906684
493,Angela,Warren,1940-04-29,,2025-02-06,126,2026-01-15 13:10:00.727626,2026-02-09 13:01:11.234452
494,Gerald,Brown,1954-11-09,F,2026-03-14,59,2026-03-29 00:18:57.409790,2026-01-01 09:49:12.948666
495,Stephanie,Wilson,2016-06-22,F,2023-07-14,117,2026-04-04 18:15:31.011880,2026-02-14 12:30:15.688928
496,Scott,Ford,1999-10-14,F,2022-07-25,169,2026-03-09 16:52:58.018725,2026-02-17 23:17:36.835330
497,Kimberly,Wilson,1926-03-10,,2024-02-23,142,2026-03-06 11:45:25.091827,2026-02-22 00:01:57.101027
498,Nicole,Bradley,1945-07-05,,2024-11-01,159,2026-01-07 04:57:43.573342,2026-01-21 03:59:35.357361
499,Sandra,Swanson,1987-04-20,M,2024-12-31,144,2026-04-01 12:00:38.175409,2026-01-30 05:42:41.218868
500,Jessica,Rich,2025-03-10,M,2021-08-31,22,2026-03-30 04:03:24.959599,2026-02-14 14:52:32.011805
501,Robert,Church,1997-06-24,,2023-04-11,160,2026-02-06 10:46:45.861987,2026-03-14 07:29:52.068708
502,Eric,Williams,1918-04-28,M,2024-08-30,103,2026-03-26 18:50:20.133559,2026-01-08 07:30:37.177262
503,Nicole,Ross,1965-06-07,F,2022-08-10,114,2026-03-19 10:52:01.903826,2026-01-04 09:20:53.916528
504,Ryan,Harris,1941-02-28,M,2021-08-28,18,2026-03-12 18:45:47.694650,2026-01-13 00:53:18.407248
505,Michael,Carter,1949-08-06,F,2024-01-10,145,2026-01-20 13:15:00.246316,2026-02-06 04:54:56.530874
506,Cynthia,Clark,1957-01-29,,2025-03-05,72,2026-02-05 20:49:48.513500,2026-02-20 03:46:50.298378
507,Eric,Winters,1944-03-15,,2021-07-12,51,2026-03-30 23:49:56.978708,2026-01-06 17:52:23.849197
508,Marcus,Hudson,1960-11-30,F,2020-10-28,154,2026-02-03 14:44:35.292766,2026-04-08 07:05:00.979866
509,Michael,Tyler,1946-12-10,M,2025-09-12,145,2026-02-01 14:54:35.837554,2026-01-21 20:29:09.094402
510,Juan,Wolfe,1963-10-17,M,2021-05-08,162,2026-02-25 09:11:56.357746,2026-01-09 16:46:40.557007
511,Sheryl,Porter,1960-12-13,M,2022-05-31,125,2026-03-25 20:28:07.710560,2026-01-18 00:27:28.039595
512,Jack,Sexton,2000-03-03,,2020-10-16,65,2026-03-21 04:33:32.782341,2026-02-02 15:40:33.977396
513,Abigail,Taylor,1981-08-13,F,2024-07-04,196,2026-01-23 05:55:47.287529,2026-03-20 05:55:43.716986
514,Alexis,Parks,1948-08-09,M,2024-08-04,75,2026-02-14 17:44:34.677911,2026-02-14 14:59:59.869195
515,Theresa,Brock,1964-04-25,F,2022-04-12,129,2026-01-24 08:35:32.339973,2026-02-04 22:52:08.457900
516,Lindsey,Joseph,2003-02-16,M,2022-12-10,41,2026-02-05 07:36:20.852169,2026-01-16 13:49:45.020351
517,Joseph,Hernandez,1935-06-16,,2020-12-15,43,2026-04-13 17:48:25.948960,2026-01-09 10:37:08.456574
518,Julia,Barajas,2007-11-11,M,2023-10-20,18,2026-03-11 20:46:18.448110,2026-02-02 11:44:10.348731
519,Michael,Roberson,1967-05-03,,2023-12-16,56,2026-02-03 02:05:12.464272,2026-03-17 22:30:59.516409
520,John,Sparks,2020-10-23,M,2025-05-07,7,2026-02-28 19:46:01.148949,2026-02-19 20:32:54.163939
521,Nicholas,Smith,1978-11-04,,2022-03-14,105,2026-03-15 15:42:51.013881,2026-03-23 03:50:35.151868
522,Ernest,Boyle,1984-06-20,M,2024-11-29,192,2026-01-30 14:20:46.399286,2026-01-14 18:08:34.871551
523,Sarah,Higgins,1953-05-23,M,2025-05-09,171,2026-03-03 05:25:49.230168,2026-03-15 00:17:53.410701
524,Brian,Booth,2024-10-27,M,2021-10-11,58,2026-03-21 03:24:39.917614,2026-02-25 17:33:45.315112
525,Jessica,Smith,1999-05-13,,2025-11-08,169,2026-01-10 11:15:52.721945,2026-03-10 01:05:34.433093
526,Michael,Taylor,1989-11-07,M,2020-02-12,18,2026-04-05 15:16:17.454416,2026-01-15 18:07:52.964396
527,Anthony,Hardin,1990-04-02,,2023-12-03,56,2026-03-16 10:32:20.087533,2026-02-17 09:28:46.956161
528,Jenna,Kennedy,1975-07-09,M,2024-02-29,75,2026-02-22 06:31:03.845516,2026-02-02 22:51:43.101763
529,Desiree,Burton,1930-11-14,F,2026-02-06,147,2026-02-07 18:37:19.166992,2026-02-01 07:19:17.251399
530,Laura,Cisneros,2011-12-17,F,2022-11-04,19,2026-02-18 03:34:48.691177,2026-02-07 02:59:08.553931
531,Erika,Gray,2021-12-02,F,2021-01-09,151,2026-03-11 04:00:59.378653,2026-02-25 07:39:07.609091
532,Christopher,May,1963-02-19,,2022-05-11,4,2026-04-10 03:18:25.137656,2026-01-24 14:21:30.087824
533,Joseph,Dixon,1953-10-29,M,2020-03-23,171,2026-02-23 23:37:19.245153,2026-01-04 18:02:02.731401
534,Danielle,Moody,1932-12-02,F,2024-08-17,42,2026-02-19 10:53:50.031399,2026-02-25 01:10:13.676558
535,Leah,Sanders,1995-11-18,M,2026-01-23,87,2026-02-20 03:50:34.243910,2026-01-16 11:42:33.097792
536,Christopher,Nixon,1966-05-11,,2022-01-03,156,2026-03-18 18:50:45.365238,2026-04-11 19:56:12.835958
537,Randy,Skinner,1910-09-18,F,2023-05-06,168,2026-02-21 03:06:46.393535,2026-03-27 11:29:22.714082
538,Jon,Short,1946-06-19,M,2022-04-05,27,2026-02-25 12:28:52.945863,2026-01-02 09:28:47.953825
539,Ryan,Schneider,2017-03-24,F,2025-01-24,191,2026-03-24 00:43:10.151140,2026-03-07 14:14:47.237642
540,Jeremy,Thompson,1996-10-18,F,2023-07-11,24,2026-04-04 05:41:24.993113,2026-01-12 02:17:41.296540
541,Hannah,Garcia,1944-06-07,M,2022-01-19,134,2026-02-07 18:52:39.018186,2026-03-27 14:15:04.985875
542,Nicole,Farrell,2007-03-03,M,2023-12-13,70,2026-01-18 06:02:40.105169,2026-04-10 09:21:19.149634
543,Kyle,Black,1917-09-27,,2025-10-13,74,2026-03-02 12:03:25.130153,2026-03-14 20:44:36.610313
544,Penny,Todd,1986-08-25,F,2024-05-03,67,2026-01-03 08:35:49.583111,2026-03-13 20:46:27.331555
545,Larry,Liu,1999-07-04,M,2023-07-09,2,2026-04-10 12:15:08.740033,2026-01-29 11:02:33.469642
546,Lisa,Anderson,1998-04-24,,2022-06-16,200,2026-04-09 13:46:54.231923,2026-03-29 00:29:20.977205
547,Lauren,Simmons,1965-06-24,,2025-07-06,17,2026-01-19 22:33:23.466094,2026-01-29 14:47:34.341094
548,Anthony,Vega,1982-07-09,,2025-08-12,155,2026-02-20 11:37:26.795449,2026-01-08 11:09:00.653559
549,Thomas,Johnson,1951-11-30,M,2026-02-17,24,2026-03-09 17:56:34.520055,2026-03-31 15:39:25.675255
550,Robert,Garcia,2005-01-13,,2022-08-21,25,2026-01-31 19:17:17.713023,2026-02-10 15:39:36.844776
551,Roger,Robinson,1956-12-08,F,2020-11-19,65,2026-01-26 03:26:17.011069,2026-04-06 08:33:16.613441
552,Alice,Burton,1999-04-22,M,2022-11-02,159,2026-03-28 02:58:46.080844,2026-01-31 13:40:02.478650
553,Brenda,Thomas,1936-05-31,M,2021-10-30,78,2026-04-12 06:00:34.742444,2026-01-31 11:54:54.695580
554,Alexandria,Petersen,1945-03-16,F,2024-05-25,3,2026-03-06 20:31:54.702799,2026-03-16 21:37:54.790823
555,Sabrina,Cunningham,1995-03-04,,2023-02-27,161,2026-03-19 09:11:17.985164,2026-01-29 21:59:24.189562
556,Teresa,Long,1925-10-05,,2023-05-15,164,2026-04-08 10:10:32.591656,2026-03-21 15:38:43.404880
557,Stacy,Craig,1924-11-22,,2022-10-20,31,2026-01-01 17:22:33.597465,2026-04-02 16:57:36.104824
558,Aaron,Edwards,1965-04-01,,2022-09-04,24,2026-04-02 11:31:15.780090,2026-01-17 17:05:11.820411
559,Joseph,Morales,1922-03-14,M,2022-07-19,94,2026-02-04 09:07:49.219195,2026-01-07 23:00:13.621397
560,Scott,Mitchell,1986-03-31,M,2021-12-31,151,2026-02-22 10:18:14.832990,2026-01-09 10:57:42.023696
561,Brandon,Stewart,1984-10-16,,2020-11-17,37,2026-03-06 11:07:49.299373,2026-04-13 16:14:48.179609
562,Martha,Morris,2003-04-18,M,2024-01-27,75,2026-02-07 05:37:47.401548,2026-01-29 08:14:27.712683
563,William,Pratt,1977-02-06,M,2025-06-14,42,2026-03-09 04:22:35.582352,2026-01-23 01:52:12.044730
564,Rebecca,Johnson,1921-08-19,M,2023-07-28,82,2026-01-23 12:22:59.757228,2026-04-09 13:40:45.091019
565,Jason,Harris,2016-09-20,M,2022-12-27,52,2026-02-23 19:29:27.130379,2026-01-04 17:09:59.293283
566,Sarah,Smith,1924-04-04,F,2024-09-09,142,2026-03-19 04:04:49.099712,2026-03-06 02:29:34.381588
567,Jessica,Moran,1936-12-03,F,2024-05-03,126,2026-01-01 18:05:48.677130,2026-03-14 12:36:31.024914
568,Deanna,Copeland,1931-12-04,M,2025-11-14,123,2026-03-15 00:42:41.017676,2026-01-19 15:13:21.817307
569,Nicholas,Price,1943-11-17,,2026-04-01,76,2026-01-19 02:24:04.945937,2026-02-19 05:53:31.511934
570,Courtney,Newman,1980-08-22,F,2026-02-27,90,2026-02-11 11:02:37.454738,2026-03-23 15:52:49.589715
571,Brittany,Frye,1983-02-04,F,2022-12-06,144,2026-02-15 12:49:05.483788,2026-01-25 09:14:57.897681
572,Jimmy,Barnes,1929-09-06,,2026-01-17,165,2026-03-12 09:50:55.690923,2026-02-11 09:42:27.677259
573,Martin,Lee,1980-08-05,M,2023-06-01,58,2026-04-10 05:27:53.808665,2026-01-24 18:25:26.573997
574,Michael,Jackson,1935-10-26,F,2023-04-26,75,2026-01-24 17:59:58.179581,2026-04-08 03:10:16.824645
575,Robin,Lee,1982-04-06,M,2020-04-25,198,2026-03-25 04:47:32.578614,2026-03-11 23:23:58.883211
576,Gina,Barton,1993-06-29,M,2021-04-13,49,2026-02-17 13:53:54.838965,2026-01-20 13:50:30.127308
577,Brittany,Perez,1926-09-07,F,2022-01-03,111,2026-02-26 02:47:57.339900,2026-03-01 01:55:57.543566
578,David,Wade,1926-07-22,M,2024-12-16,104,2026-02-18 09:28:55.343191,2026-01-02 08:37:03.285476
579,Lisa,Salas,1944-01-14,,2025-09-26,40,2026-01-09 06:57:03.599611,2026-03-28 14:21:42.085764
580,Brandon,Jones,1998-07-21,M,2020-07-17,86,2026-03-18 01:40:39.966913,2026-03-03 17:46:42.325418
581,Tammie,Salinas,1965-07-12,M,2021-07-08,187,2026-03-30 15:37:20.023620,2026-02-05 14:56:24.621349
582,Melissa,Lopez,1921-02-13,F,2025-06-13,181,2026-03-30 00:45:05.048986,2026-02-07 15:42:17.274657
583,Angela,Burton,1993-04-23,F,2021-06-29,49,2026-02-26 06:58:02.573567,2026-03-14 04:49:57.475513
584,Anthony,Thomas,1929-05-12,M,2021-06-04,85,2026-04-08 21:24:54.629407,2026-01-29 19:52:22.162264
585,Alan,Newman,1939-05-28,M,2021-01-18,38,2026-03-13 19:37:01.795197,2026-03-10 07:44:15.526502
586,Audrey,Anderson,1964-03-31,,2022-09-24,22,2026-02-03 08:40:59.947811,2026-02-01 07:05:08.877204
587,Gary,Perez,1999-01-10,M,2025-01-24,153,2026-03-03 20:07:02.867513,2026-01-26 08:41:34.474578
588,Cheryl,Moore,1918-08-25,M,2020-07-26,140,2026-02-24 21:52:53.889291,2026-01-23 14:12:40.910443
589,Garrett,Salinas,1975-05-20,F,2021-11-25,132,2026-01-20 21:39:36.644171,2026-04-06 00:41:17.425804
590,Kenneth,Spears,2015-07-13,F,2025-01-17,56,2026-01-24 23:28:34.358626,2026-01-26 17:07:33.287705
591,Michael,Berry,2004-09-28,,2021-09-30,71,2026-01-17 05:19:28.989110,2026-01-24 12:18:49.647421
592,Gary,Parsons,1946-07-21,,2023-12-08,4,2026-03-30 13:00:46.594949,2026-01-25 00:57:15.547915
593,Michelle,Mueller,2023-12-03,M,2023-12-24,98,2026-01-20 16:42:08.312504,2026-03-10 04:03:24.820017
594,Mary,Harris,1925-09-14,,2022-06-03,190,2026-04-01 04:14:43.560798,2026-01-25 12:19:03.319381
595,Calvin,Davenport,1966-10-02,M,2024-01-12,7,2026-01-25 00:05:08.261446,2026-02-02 03:08:04.605018
596,Michael,Garcia,1963-12-02,F,2025-11-22,175,2026-02-07 22:20:24.771493,2026-01-08 04:41:28.479491
597,Leslie,Thompson,2022-04-19,,2024-12-21,50,2026-04-10 03:37:09.017787,2026-03-28 06:30:40.579604
598,Tonya,Jones,1988-07-24,M,2024-01-04,185,2026-01-10 01:32:27.019182,2026-03-24 00:30:30.589841
599,Alexander,Kemp,2024-07-01,,2023-06-17,191,2026-01-15 01:11:12.226535,2026-02-07 04:40:14.704503
600,Tiffany,Johnson,2010-08-29,F,2021-09-19,76,2026-01-20 12:13:48.184895,2026-01-23 13:02:29.633011
601,John,Peters,1953-10-13,F,2024-02-03,22,2026-02-28 18:26:13.102845,2026-03-03 02:04:43.628584
602,Victoria,Sanders,1942-01-28,F,2021-09-19,130,2026-03-25 03:10:36.013673,2026-01-20 13:36:39.315819
603,Jasmine,Lawrence,2024-03-26,,2025-01-12,191,2026-01-06 14:05:15.750770,2026-04-02 09:37:49.229747
604,Kevin,Smith,1972-07-27,,2021-09-28,142,2026-02-19 16:22:37.428655,2026-04-05 17:41:02.587406
605,Erica,George,1926-01-31,M,2025-03-19,80,2026-04-11 16:52:35.024043,2026-01-19 22:14:12.361737
606,Susan,Nelson,1921-04-19,,2026-03-07,56,2026-03-07 07:50:32.829533,2026-01-06 14:30:09.877177
607,Stephen,Daniels,1958-12-28,M,2025-01-15,184,2026-01-19 07:18:40.292745,2026-01-24 14:56:40.046310
608,Mark,Johnson,1994-10-19,M,2021-11-11,171,2026-01-18 02:43:37.879513,2026-02-09 21:26:17.567724
609,Cameron,Allen,2000-09-03,F,2020-06-29,154,2026-02-17 04:30:13.097241,2026-01-13 09:26:30.679154
610,Thomas,Davis,1954-09-01,,2020-07-06,66,2026-03-03 16:38:03.336391,2026-03-13 22:43:58.903652
611,Sophia,Johnson,1953-08-26,,2024-10-24,106,2026-02-22 06:14:02.778113,2026-01-06 09:11:55.986747
612,Chris,Chavez,2004-11-27,M,2025-03-12,170,2026-04-01 10:13:11.870732,2026-04-03 18:40:35.960258
613,Rachael,Howard,2017-05-28,M,2022-08-12,45,2026-04-13 19:04:57.162876,2026-02-12 16:37:38.632147
614,Abigail,Summers,1972-12-09,M,2022-01-18,27,2026-02-03 00:48:22.313653,2026-04-07 12:18:33.562514
615,Cynthia,Marshall,2002-08-06,F,2024-06-23,61,2026-02-28 23:52:27.434515,2026-03-03 09:31:18.020427
616,John,Davis,1975-09-18,M,2022-09-11,147,2026-01-24 07:05:36.677287,2026-03-31 15:38:14.097916
617,Gail,Adams,1941-01-23,M,2021-11-19,47,2026-02-22 13:54:17.766241,2026-02-12 19:33:38.811262
618,Nathan,Krueger,2023-02-20,,2020-05-28,31,2026-03-16 07:08:58.831200,2026-04-13 23:28:05.652479
619,Vanessa,Guzman,1921-08-08,F,2023-05-16,140,2026-02-04 13:37:33.547395,2026-03-01 07:23:54.265714
620,Kristen,Gay,1929-07-01,F,2022-05-21,14,2026-03-25 12:26:14.816936,2026-02-18 07:08:45.622436
621,Kelly,Haynes,1957-03-19,M,2021-09-09,19,2026-02-26 09:02:44.027048,2026-02-20 05:04:48.534714
622,Kenneth,Brown,1959-02-27,,2022-11-11,20,2026-02-07 19:41:06.390811,2026-03-13 23:48:25.183265
623,Gwendolyn,Smith,1973-08-19,M,2022-11-23,190,2026-03-23 21:42:43.909102,2026-01-02 04:44:21.781199
624,Michael,Martin,1999-12-21,M,2021-02-18,79,2026-03-27 03:53:31.829312,2026-03-27 05:23:33.959132
625,John,Fitzgerald,1980-11-27,,2020-11-24,106,2026-03-24 13:37:26.015300,2026-02-27 09:54:23.808420
626,Stephanie,Brown,2006-07-10,M,2020-10-30,107,2026-03-13 19:46:56.325073,2026-02-07 18:43:15.295195
627,Jennifer,Coleman,1973-10-23,,2024-02-06,61,2026-02-25 06:11:24.109514,2026-02-26 04:13:44.136403
628,Karen,Francis,1972-11-30,F,2024-02-11,32,2026-02-03 23:07:35.353489,2026-02-04 14:43:36.965070
629,Ronald,Osborn,1993-03-18,F,2020-03-22,139,2026-02-09 14:45:02.838288,2026-03-12 05:28:11.544255
630,Allen,Collins,1917-02-13,F,2023-10-17,177,2026-03-03 14:46:17.455770,2026-01-21 05:22:45.725234
631,Cynthia,Villanueva,1923-07-31,,2023-08-31,146,2026-01-08 13:53:03.305506,2026-01-08 19:57:17.105543
632,Christopher,Smith,1979-12-05,,2023-04-16,130,2026-03-15 06:30:30.548525,2026-01-07 15:51:55.921135
633,Ryan,West,1978-01-24,F,2025-11-09,176,2026-01-31 13:35:34.536132,2026-03-13 02:57:20.711550
634,Alexander,Fischer,1935-04-16,F,2024-09-16,84,2026-02-24 02:47:16.788582,2026-01-08 06:28:19.094622
635,Jenny,Kane,1970-07-05,M,2025-08-21,130,2026-02-14 13:49:35.723100,2026-02-06 13:46:31.100085
636,Wendy,Jones,1997-07-11,,2022-10-14,49,2026-02-22 20:49:37.967880,2026-03-07 18:23:59.741342
637,Kevin,Smith,1933-06-29,,2023-08-19,172,2026-01-04 07:41:39.075539,2026-02-24 16:38:49.085399
638,Harry,Benson,1922-12-13,,2021-06-18,9,2026-04-08 08:40:22.173487,2026-02-02 12:19:28.120229
639,Bobby,Johnson,1919-01-19,F,2021-10-19,42,2026-02-18 07:13:29.079402,2026-03-30 21:57:49.265996
640,Antonio,Barrett,1942-08-30,,2020-07-07,180,2026-04-05 22:35:22.607149,2026-01-20 00:32:40.066330
641,Christina,Ramirez,1974-06-09,F,2026-02-12,151,2026-01-03 12:10:45.462822,2026-01-24 06:32:23.048365
642,Julian,Harmon,1920-05-20,,2022-08-23,173,2026-01-30 00:33:47.250762,2026-01-11 05:03:31.479194
643,Jacob,Gonzalez,2014-04-27,,2020-03-29,143,2026-01-13 14:29:24.546263,2026-01-04 04:34:51.737119
644,Ricky,Mays,1923-04-13,F,2023-11-03,84,2026-02-26 10:02:07.500860,2026-01-14 05:45:32.955228
645,Rebekah,Cook,2023-05-09,,2021-04-14,134,2026-01-21 04:03:48.641981,2026-04-04 02:56:37.598762
646,Barry,Elliott,1926-06-06,M,2024-06-26,8,2026-03-31 21:54:24.514065,2026-01-30 08:22:08.954727
647,Tristan,Landry,1926-07-16,F,2022-05-18,106,2026-01-16 09:55:11.254188,2026-01-17 11:27:50.928254
648,Tracy,Blake,1987-02-18,F,2021-02-11,105,2026-03-26 12:34:31.694169,2026-03-22 20:56:41.352826
649,Robert,Marsh,1920-04-23,,2020-08-12,138,2026-01-08 02:58:14.895752,2026-03-05 21:03:47.452851
650,Tammy,Smith,1965-09-17,,2021-05-14,60,2026-03-24 20:52:35.764447,2026-01-24 19:40:00.375356
651,James,Horn,1952-10-09,,2025-07-01,194,2026-01-08 02:49:05.505075,2026-01-17 01:04:03.654882
652,Yvonne,Jacobs,2013-03-22,,2025-11-18,194,2026-01-01 01:19:07.947693,2026-03-15 21:31:14.741778
653,Sherry,Stewart,1945-01-02,M,2025-02-14,136,2026-02-21 05:55:38.314320,2026-02-18 14:20:58.237383
654,Kathryn,Torres,2022-04-22,,2024-11-07,126,2026-02-07 02:12:31.456167,2026-03-03 07:23:45.791344
655,Lisa,Rodriguez,2001-08-03,F,2021-01-13,103,2026-04-11 18:55:48.315073,2026-03-13 06:18:50.636205
656,Gregory,Davis,2005-07-30,M,2023-05-27,147,2026-01-26 16:10:53.475200,2026-04-07 23:05:53.669139
657,Manuel,Brown,1972-11-26,F,2023-06-04,180,2026-02-03 05:45:53.839884,2026-03-23 02:14:40.918880
658,Andrew,Olsen,2024-06-18,F,2024-12-26,107,2026-01-17 04:54:43.778192,2026-03-23 16:53:23.262172
659,Joseph,Taylor,1947-09-01,,2025-10-19,12,2026-01-20 21:27:54.162815,2026-01-22 15:52:08.854306
660,Lisa,Smith,1943-08-15,M,2021-09-05,127,2026-01-26 21:32:07.539979,2026-03-05 13:36:45.146762
661,Terri,Hernandez,1963-06-07,M,2024-03-14,189,2026-03-13 16:13:28.877951,2026-02-22 00:26:47.667553
662,Matthew,Brewer,1910-11-17,F,2021-05-01,157,2026-02-21 00:21:40.289183,2026-02-20 10:10:13.526416
663,Erica,Cowan,1947-10-01,F,2024-12-29,185,2026-01-17 07:31:48.323392,2026-02-19 05:48:01.381719
664,Gary,Harvey,1945-10-27,F,2026-01-24,56,2026-03-23 13:20:18.784307,2026-02-09 00:19:41.719605
665,Jade,Moran,1989-04-04,F,2024-08-19,32,2026-01-26 05:33:38.869787,2026-03-07 22:51:53.778506
666,Carrie,Lee,1927-11-02,,2022-11-22,74,2026-03-08 10:42:32.305883,2026-04-12 02:32:39.408291
667,Scott,Nelson,1920-07-29,,2020-12-05,177,2026-01-09 19:48:00.030421,2026-03-13 22:05:39.690648
668,Kristen,Jackson,1918-09-08,F,2022-11-20,168,2026-04-02 11:34:37.439838,2026-01-29 10:52:38.399614
669,Shelly,Clayton,1956-03-25,F,2026-02-01,94,2026-03-30 23:42:48.719219,2026-01-15 02:56:48.869032
670,Craig,Smith,2003-11-16,M,2026-03-05,17,2026-01-10 00:10:50.247344,2026-04-01 00:13:34.236593
671,Wendy,Terry,1992-04-03,,2022-06-14,56,2026-03-02 21:53:06.567463,2026-02-17 13:54:52.886130
672,Alexa,White,1998-11-30,F,2025-03-06,114,2026-02-13 21:50:42.433062,2026-01-01 02:06:10.607070
673,Michael,Mitchell,1976-01-09,F,2024-05-11,43,2026-02-06 23:23:57.016212,2026-03-08 14:07:16.984297
674,Victoria,Murray,2005-06-16,M,2021-09-04,159,2026-01-18 20:18:55.936299,2026-04-03 00:15:43.679450
675,Alexander,Harrison,1970-05-24,M,2025-05-15,62,2026-04-01 06:56:15.655353,2026-01-01 19:34:04.739988
676,Meghan,Peters,1974-02-11,F,2023-11-20,177,2026-01-01 13:00:37.412369,2026-01-15 08:49:08.410530
677,Justin,Simpson,1914-07-02,F,2025-12-26,194,2026-03-05 14:14:40.152877,2026-02-22 17:04:44.081507
678,Jamie,Greene,1961-10-17,,2022-05-12,22,2026-01-08 02:56:30.745779,2026-01-09 10:52:14.535635
679,Jose,Gross,1961-05-26,M,2022-10-26,13,2026-01-16 07:45:07.395816,2026-01-20 15:51:07.451659
680,Andrew,Johnson,1941-09-19,,2020-10-07,87,2026-03-13 00:44:09.346004,2026-02-05 04:29:56.961506
681,Nathan,Stevens,2001-12-02,M,2025-08-09,105,2026-01-28 21:35:34.287881,2026-01-01 16:19:57.112882
682,Daniel,Robles,1957-07-23,,2025-07-09,129,2026-02-10 17:53:18.370728,2026-03-12 06:04:59.032723
683,Sarah,Herman,1948-04-26,M,2020-12-07,154,2026-03-25 01:40:28.063707,2026-03-21 09:35:06.720341
684,Tracey,Aguirre,1967-03-28,M,2020-12-26,89,2026-02-01 10:13:40.321689,2026-03-19 09:21:54.942445
685,Michelle,Robertson,2026-03-24,,2025-10-25,85,2026-03-28 22:18:00.789759,2026-01-22 06:20:01.250771
686,Angela,Wilson,2021-02-25,M,2022-09-11,56,2026-04-10 07:01:51.292606,2026-01-18 08:29:40.214894
687,Paula,Obrien,1995-02-14,M,2024-06-18,168,2026-02-09 13:24:05.581436,2026-01-19 08:33:59.954083
688,Susan,Wiggins,1941-08-26,F,2025-07-15,150,2026-04-13 16:24:48.838182,2026-01-28 22:25:18.097633
689,Michael,Bryant,1971-05-11,F,2020-04-02,99,2026-04-03 11:59:44.963695,2026-03-26 09:17:58.795671
690,Jacob,Sampson,2022-06-27,M,2025-03-19,191,2026-01-19 09:09:58.600199,2026-01-02 18:23:02.680861
691,Levi,Moreno,1940-06-08,,2022-06-03,126,2026-02-15 04:32:37.668074,2026-02-10 14:28:30.133544
692,Donna,Austin,1950-11-12,F,2020-10-09,150,2026-03-11 02:12:47.706358,2026-01-26 18:05:45.917336
693,Jeffrey,Tran,1944-12-31,F,2020-12-16,200,2026-04-07 10:38:52.014752,2026-01-12 08:35:21.133508
694,Sylvia,Wolfe,1937-10-12,M,2023-08-02,9,2026-01-28 13:31:40.412817,2026-03-19 07:10:00.374631
695,Steven,Wilson,1957-05-13,,2021-01-16,185,2026-03-10 15:56:28.478547,2026-01-16 13:55:54.596393
696,Natalie,Dickerson,1947-06-08,,2022-10-20,136,2026-03-18 10:17:21.125973,2026-01-13 16:52:21.971026
697,Matthew,Nichols,1974-03-04,,2024-02-22,23,2026-03-12 11:55:57.375107,2026-01-28 16:29:14.664584
698,Desiree,Barton,2019-05-29,,2020-11-29,159,2026-03-14 11:34:11.809056,2026-03-03 02:26:49.838092
699,Marc,Williams,1991-12-23,F,2023-09-23,150,2026-03-13 18:06:47.456299,2026-03-06 16:16:56.480324
700,Dawn,Dean,1940-06-27,F,2024-05-24,55,2026-01-17 08:42:53.064011,2026-02-05 04:43:57.903407
701,Anthony,Clayton,2012-11-06,M,2025-01-09,82,2026-02-03 17:15:46.655680,2026-04-08 07:54:24.939090
702,Yvette,Garrett,1928-09-06,M,2023-12-15,164,2026-01-09 10:47:25.599407,2026-03-06 05:51:01.106600
703,Amanda,Hahn,1953-08-29,,2022-07-05,28,2026-03-01 19:42:38.532527,2026-04-02 21:59:34.311349
704,Krystal,Holland,2020-04-07,M,2022-08-14,176,2026-02-15 12:11:45.631796,2026-01-10 07:41:36.011547
705,Teresa,Martinez,1995-08-25,M,2021-02-21,164,2026-02-24 09:24:06.244681,2026-03-28 10:06:24.614847
706,Julia,Trevino,1945-08-31,F,2020-10-14,78,2026-01-10 11:48:01.212780,2026-01-15 12:51:40.972580
707,Joseph,Nichols,1913-09-21,M,2020-10-26,120,2026-01-23 00:13:25.404538,2026-03-03 12:10:34.792106
708,Joseph,Novak,1912-04-27,,2020-06-25,196,2026-04-09 13:45:11.918690,2026-04-12 17:05:44.934800
709,Susan,Hernandez,1936-02-23,F,2024-06-26,40,2026-03-21 22:23:03.811083,2026-02-18 10:12:45.501730
710,Justin,Barrett,1919-09-12,F,2025-09-17,183,2026-01-17 17:09:27.560908,2026-04-08 05:56:31.334314
711,Samantha,Rosales,1920-06-17,M,2024-04-07,32,2026-01-28 08:26:58.746568,2026-04-09 12:56:44.677655
712,Heidi,Mccann,2007-03-27,M,2026-04-07,175,2026-01-03 20:18:33.544985,2026-04-02 16:27:31.592035
713,Amanda,Mendoza,2010-07-25,F,2023-05-28,156,2026-01-20 09:01:47.859972,2026-02-02 06:29:21.257571
714,William,Hancock,1991-12-07,,2022-11-24,144,2026-03-09 12:59:29.511279,2026-04-02 10:39:16.981278
715,Jordan,Tucker,1928-01-16,M,2025-11-08,100,2026-02-21 03:53:50.657187,2026-03-14 15:17:59.627631
716,Amber,Hodge,2010-11-17,M,2020-04-02,39,2026-03-19 18:21:36.539361,2026-02-27 06:43:15.010957
717,Katie,Flores,1976-02-14,M,2021-11-22,32,2026-01-03 10:07:00.625821,2026-02-25 12:34:16.835514
718,David,Smith,2023-01-30,M,2024-05-11,147,2026-03-02 11:14:54.539897,2026-03-19 19:22:29.986378
719,Michelle,Rivera,2024-09-02,M,2021-12-01,187,2026-02-28 03:14:01.061334,2026-01-10 01:18:41.868585
720,Lisa,Farmer,1970-08-12,M,2022-09-02,13,2026-03-14 23:01:27.978544,2026-04-01 04:57:16.847729
721,Leah,Martin,2004-04-20,F,2023-11-18,59,2026-02-25 18:35:43.756506,2026-02-23 07:02:26.323326
722,Rachel,Savage,1968-11-08,M,2024-06-10,54,2026-03-27 14:53:16.180486,2026-01-29 01:02:59.895593
723,Dustin,Green,1973-02-12,,2024-05-20,125,2026-03-23 08:52:22.775537,2026-03-19 01:14:33.866431
724,Tiffany,Wagner,1976-09-10,M,2022-07-16,9,2026-01-16 22:20:29.985989,2026-03-05 18:43:10.219735
725,Lucas,Deleon,1962-10-05,F,2024-10-19,58,2026-03-08 17:58:36.415829,2026-02-06 02:46:15.675513
726,Richard,Robertson,2017-07-30,,2021-07-07,198,2026-03-29 05:25:38.253198,2026-03-06 18:52:43.009480
727,Carlos,Chapman,1998-01-22,,2022-07-31,56,2026-03-02 21:25:48.514023,2026-03-21 03:19:37.966832
728,Morgan,Mitchell,1973-03-19,,2024-10-22,153,2026-02-25 14:15:53.886849,2026-03-25 17:03:12.041048
729,Deborah,Thornton,2014-10-21,M,2026-01-15,138,2026-03-24 13:10:49.704359,2026-02-14 00:43:00.482013
730,Steven,Hernandez,2019-03-14,F,2025-09-09,199,2026-01-16 04:31:39.823394,2026-01-16 02:37:02.091341
731,Heather,Reed,2017-10-22,F,2023-06-02,102,2026-02-01 13:04:23.296765,2026-02-04 10:39:19.931521
732,Michael,Cook,1996-12-16,F,2023-04-29,74,2026-01-11 12:49:22.444894,2026-02-22 21:46:48.120670
733,Thomas,Stokes,1937-03-26,,2023-03-17,180,2026-02-01 18:52:16.666778,2026-02-01 12:59:22.389539
734,Lisa,Miller,2006-05-23,,2024-06-28,123,2026-03-13 20:52:09.601151,2026-02-11 12:46:55.234317
735,Karen,Hall,2003-05-15,F,2023-06-29,191,2026-02-04 18:29:31.133245,2026-02-11 02:36:35.869899
736,Ruben,Ortiz,1981-10-01,M,2023-12-31,133,2026-03-04 19:34:14.480031,2026-01-14 23:02:46.792605
737,Paula,Ball,1937-03-22,M,2023-05-24,145,2026-02-21 07:09:48.408700,2026-01-01 04:15:41.585170
738,Margaret,Bowen,2000-09-22,,2025-11-15,136,2026-03-07 00:11:05.714850,2026-03-19 19:37:18.440875
739,Collin,Williams,1959-10-01,F,2022-01-05,98,2026-02-09 12:23:53.209682,2026-02-25 19:52:21.546831
740,Samuel,Jones,1974-09-02,F,2021-01-19,41,2026-03-11 11:43:05.997367,2026-03-30 09:48:12.382836
741,Julia,Owen,1930-02-21,M,2024-03-14,79,2026-03-23 16:53:03.479878,2026-02-01 14:30:37.669102
742,John,Hess,1920-07-30,M,2020-01-26,76,2026-03-08 05:00:04.752783,2026-01-08 09:27:42.628848
743,John,Barker,1912-10-11,M,2022-05-16,140,2026-03-30 00:12:19.823169,2026-01-31 06:40:34.442520
744,Scott,Green,1923-03-09,M,2025-08-11,93,2026-03-04 08:41:39.311019,2026-02-24 23:58:43.085005
745,Adam,Reed,1968-03-14,F,2025-02-13,35,2026-01-29 21:34:13.400844,2026-02-09 10:38:28.019221
746,Karen,Cunningham,1992-04-12,M,2024-01-01,116,2026-03-04 11:31:11.072992,2026-02-09 19:29:54.386045
747,Elizabeth,Williams,1934-11-28,M,2021-05-21,82,2026-03-22 03:41:19.932172,2026-03-24 07:57:53.964578
748,Dana,Smith,1975-11-14,,2020-01-14,199,2026-02-03 05:47:21.786327,2026-01-10 09:31:08.116991
749,Thomas,Guerrero,2014-12-07,F,2024-02-07,110,2026-02-01 17:20:01.624586,2026-01-14 09:06:26.589143
750,Stephanie,Lopez,1980-09-05,,2022-07-16,33,2026-02-05 18:38:45.821854,2026-02-28 18:52:41.156748
751,Adrian,Swanson,1911-04-30,M,2021-09-02,9,2026-02-26 04:46:09.660148,2026-04-12 06:34:56.126199
752,Lauren,Taylor,1911-09-17,F,2020-05-25,51,2026-02-27 01:13:13.935562,2026-01-31 08:42:19.360712
753,Rebecca,Parker,1943-08-10,M,2021-08-09,3,2026-02-14 09:08:34.510562,2026-01-19 02:51:48.752103
754,Sarah,Patterson,2004-06-19,F,2022-04-30,49,2026-03-04 18:32:50.161916,2026-01-29 20:17:24.522215
755,Charlotte,Ward,1939-02-16,,2024-12-15,79,2026-03-19 09:35:05.463859,2026-01-01 15:47:41.990291
756,Gina,Hanna,2010-11-10,F,2026-03-24,127,2026-03-10 09:25:22.721820,2026-01-17 08:20:48.577024
757,Susan,Kelly,1965-06-30,M,2022-02-14,29,2026-03-21 19:02:36.986472,2026-03-15 11:59:32.453614
758,Eric,Young,1936-04-05,,2023-04-07,73,2026-01-18 10:02:28.050223,2026-02-04 10:40:25.613184
759,Joyce,Chambers,1982-06-24,,2025-01-07,65,2026-04-09 12:26:29.813684,2026-03-01 15:10:10.517071
760,Justin,Davis,1941-06-20,M,2022-01-07,54,2026-03-24 09:01:02.863660,2026-02-24 04:17:52.677102
761,Ashley,Mcclain,1980-07-21,M,2021-11-27,24,2026-03-16 17:08:59.247787,2026-02-13 10:29:28.980663
762,Kimberly,Richards,1926-01-06,M,2021-06-30,170,2026-03-23 03:22:55.744261,2026-01-03 01:56:43.452026
763,Bradley,Banks,1994-04-11,,2022-03-24,113,2026-01-10 10:41:02.416608,2026-01-02 20:37:35.650685
764,Joseph,Stone,2019-01-15,,2024-08-06,28,2026-01-22 22:20:13.239997,2026-02-24 18:45:42.210358
765,Ryan,Turner,1959-01-27,M,2023-03-25,180,2026-03-13 00:00:03.348903,2026-02-04 15:22:56.554722
766,Christopher,Dixon,2023-03-02,M,2021-01-01,144,2026-03-15 05:38:38.782620,2026-03-21 03:34:24.954146
767,Adam,Howard,1986-02-17,F,2024-11-11,127,2026-02-04 18:26:26.889737,2026-03-14 19:22:10.814823
768,Jonathan,Larson,1972-09-17,F,2020-01-19,23,2026-02-06 22:10:36.858073,2026-03-15 20:03:52.023654
769,William,Young,2022-12-07,F,2023-03-07,94,2026-02-03 01:57:44.827270,2026-02-12 17:57:04.196500
770,Michael,Carter,2004-01-02,M,2020-02-19,11,2026-02-07 15:04:03.322605,2026-03-19 16:40:45.875149
771,Teresa,Kelly,1932-09-02,F,2025-01-22,180,2026-02-11 02:45:27.981909,2026-01-15 20:23:38.741052
772,Victoria,Nolan,1954-07-01,,2026-02-06,66,2026-03-18 12:56:41.243056,2026-03-14 06:43:36.328390
773,Timothy,Phillips,1919-09-04,M,2026-01-20,43,2026-02-02 08:45:10.488953,2026-03-04 01:44:31.701378
774,Carl,Mullins,1939-07-23,,2025-05-10,75,2026-03-02 20:01:37.590927,2026-02-25 09:05:27.020397
775,Julia,Wise,1948-10-01,F,2022-07-17,155,2026-02-03 17:35:20.115558,2026-04-01 03:33:29.730414
776,Benjamin,Peterson,1951-02-19,F,2020-03-21,112,2026-01-30 11:46:54.214884,2026-01-26 06:35:56.804491
777,Theresa,Saunders,1911-04-28,F,2022-12-25,147,2026-01-15 08:32:06.659730,2026-02-27 02:20:39.904043
778,Christopher,Cole,2009-06-22,,2023-09-24,150,2026-02-27 08:33:34.269315,2026-02-08 05:05:27.987124
779,David,Bryant,2009-04-04,F,2022-09-23,181,2026-03-30 02:00:52.010065,2026-01-22 13:52:55.377689
780,Jared,Walter,1945-05-13,F,2024-12-14,131,2026-02-16 18:05:16.501823,2026-01-11 18:28:26.490993
781,Brian,Brewer,2018-09-12,,2023-10-05,151,2026-02-14 11:51:56.102527,2026-03-30 01:14:58.756854
782,Benjamin,Gutierrez,1961-02-15,M,2020-06-30,25,2026-04-11 13:03:56.028427,2026-03-02 04:03:43.118397
783,Jeremy,Benton,1966-01-05,,2025-09-01,140,2026-03-31 00:54:01.911116,2026-01-07 07:40:29.884858
784,David,Lee,1961-08-30,F,2020-08-13,183,2026-01-08 10:07:22.191851,2026-02-10 07:19:09.359799
785,Amy,Parker,1919-10-18,,2022-06-01,150,2026-02-09 15:46:43.655997,2026-01-27 18:56:00.719852
786,Lori,Fuller,1911-04-10,F,2023-04-07,76,2026-01-21 18:30:24.853214,2026-01-09 04:18:07.225522
787,Daniel,Maldonado,1941-07-27,,2021-04-30,196,2026-02-12 19:28:04.813130,2026-02-07 05:53:35.161410
788,John,Smith,1917-07-02,M,2025-11-04,79,2026-02-26 07:25:13.025761,2026-03-24 15:58:22.699485
789,Kristy,Graves,1971-09-16,,2025-10-01,12,2026-02-27 14:56:48.379469,2026-03-21 07:02:08.951035
790,Travis,Wallace,1922-05-10,F,2021-08-01,180,2026-02-24 23:00:00.597794,2026-02-07 11:38:31.946046
791,Rachel,Poole,2011-08-16,,2022-12-06,71,2026-03-10 02:05:47.002925,2026-04-07 04:28:02.335400
792,William,Hall,2020-06-29,M,2023-07-07,172,2026-01-29 00:28:48.778985,2026-04-06 19:50:55.087305
793,Dennis,Delgado,1945-11-11,M,2025-05-19,119,2026-01-02 23:33:19.113072,2026-03-07 03:54:27.914867
794,Daniel,White,1913-07-18,,2022-09-06,103,2026-02-03 08:35:47.547420,2026-03-27 01:07:28.425722
795,Beth,Brooks,1974-05-02,F,2024-12-09,82,2026-03-17 05:30:40.208999,2026-02-19 08:39:25.555523
796,Christopher,Young,1930-03-20,M,2023-02-19,36,2026-02-04 04:09:42.080235,2026-03-05 10:02:11.083742
797,Veronica,Stone,1950-12-28,,2023-04-17,51,2026-02-27 18:49:02.572838,2026-01-30 00:34:40.318571
798,Lisa,Glenn,2025-08-04,F,2024-04-28,171,2026-04-09 08:20:11.325160,2026-04-07 23:10:30.507735
799,Sierra,Lucas,1970-05-18,,2023-11-03,68,2026-01-29 18:30:10.275626,2026-03-15 01:02:20.530778
800,Melissa,Mitchell,1940-12-23,F,2025-07-12,76,2026-01-17 09:09:35.373945,2026-01-26 05:52:43.262123
801,Brian,Martin,1945-10-23,,2025-06-18,23,2026-04-03 01:12:20.875107,2026-01-03 06:09:56.516197
802,Stacey,Walker,1984-08-30,F,2022-12-18,46,2026-02-04 09:04:23.163308,2026-01-07 03:23:42.875719
803,Michael,Carter,1963-03-02,M,2021-07-04,123,2026-03-07 18:16:35.569077,2026-03-01 08:29:06.052381
804,Lisa,Phillips,2009-08-20,M,2026-01-14,113,2026-02-18 16:47:12.641334,2026-03-26 10:03:40.102970
805,Justin,White,1923-02-26,M,2021-04-05,169,2026-02-02 03:49:56.942055,2026-01-20 10:16:11.521295
806,Herbert,Patrick,1928-12-26,,2020-03-26,35,2026-03-17 05:37:43.684918,2026-01-15 19:51:46.233826
807,Carol,Pineda,1962-08-12,,2021-08-13,39,2026-01-05 15:57:27.064586,2026-04-02 04:20:05.644011
808,Katherine,Aguirre,1983-05-22,,2020-08-03,142,2026-01-21 08:33:22.442983,2026-02-01 23:30:02.213417
809,John,Rowe,2023-07-31,M,2021-01-05,68,2026-01-23 00:57:25.111036,2026-01-28 07:32:03.322227
810,Summer,Lee,1942-07-19,M,2023-12-10,199,2026-03-03 02:44:01.655987,2026-03-25 08:18:52.361957
811,Brian,Burnett,2002-09-17,,2023-09-26,155,2026-01-26 00:42:57.034049,2026-02-21 03:27:38.350642
812,Tiffany,Thomas,1944-07-12,M,2025-12-23,53,2026-01-13 04:42:54.109769,2026-02-25 11:20:26.008130
813,Lisa,Silva,1914-10-21,M,2021-11-07,155,2026-02-12 23:41:42.854734,2026-01-30 18:16:25.765035
814,David,Jones,1967-07-29,,2025-04-03,53,2026-01-25 04:36:42.304162,2026-04-01 20:40:44.673411
815,Mary,Horn,1981-10-26,M,2022-08-30,122,2026-02-15 03:29:54.727372,2026-03-22 08:26:50.590100
816,David,Carroll,1928-05-09,M,2023-08-30,45,2026-03-19 07:36:09.726235,2026-04-07 00:26:00.728394
817,Elizabeth,Reynolds,1937-12-31,F,2020-07-03,71,2026-02-19 16:29:54.516121,2026-01-25 12:21:35.543080
818,Christopher,Allen,1944-05-28,F,2021-12-26,199,2026-02-07 02:31:11.533206,2026-02-21 02:49:32.295700
819,Joanne,Nelson,2019-08-01,,2022-06-06,60,2026-01-30 11:05:55.470654,2026-02-23 16:14:01.467334
820,Kristin,Kelly,1949-10-17,F,2024-12-26,150,2026-01-29 10:21:16.330716,2026-02-04 00:41:55.008265
821,Shannon,Davis,1922-11-29,F,2020-08-08,156,2026-04-12 23:26:58.691780,2026-02-06 08:27:55.418857
822,Autumn,Phillips,1913-07-22,,2022-08-21,112,2026-01-11 13:52:55.854381,2026-03-30 23:30:15.502076
823,Christopher,Castillo,1986-09-19,F,2021-03-19,103,2026-02-01 19:55:45.864967,2026-03-21 16:22:28.033894
824,Christopher,Pace,1981-09-04,,2024-01-23,199,2026-02-07 15:00:04.417037,2026-03-08 02:25:05.564188
825,Amy,Brown,2015-04-01,F,2020-10-28,160,2026-04-13 03:20:30.498771,2026-02-08 16:32:08.726202
826,Kenneth,Ortiz,1947-02-17,,2024-08-21,171,2026-03-28 14:07:37.900040,2026-03-04 11:31:18.341720
827,Michele,Reed,1918-12-13,,2021-11-29,10,2026-02-03 14:46:54.480449,2026-04-06 18:44:32.854417
828,Tiffany,Lawson,1973-05-28,,2021-11-13,38,2026-01-23 19:24:33.491182,2026-03-15 09:06:31.367636
829,Erika,Wells,1957-05-20,,2022-07-23,87,2026-04-06 03:51:52.881683,2026-03-01 11:01:49.867171
830,Jared,Finley,1964-11-29,F,2020-10-29,22,2026-01-27 20:34:10.021229,2026-03-07 21:19:59.996198
831,Joshua,Marshall,2008-01-15,F,2022-09-27,145,2026-03-14 10:37:01.470605,2026-01-11 23:51:40.311733
832,Andrew,Cooper,2019-06-14,F,2020-05-23,24,2026-01-03 01:01:40.021641,2026-01-14 14:12:04.118801
833,Scott,Tanner,1963-08-09,,2025-12-22,26,2026-04-10 04:19:14.039059,2026-03-13 19:11:35.439703
834,Elizabeth,Butler,1920-09-25,,2021-03-01,66,2026-01-06 07:35:06.756971,2026-01-27 21:59:03.423429
835,Brandon,Harris,1991-07-17,F,2024-07-18,16,2026-02-11 23:10:32.398816,2026-04-08 16:11:09.366907
836,Matthew,Mccullough,1953-05-03,F,2025-02-17,44,2026-01-16 14:28:47.012727,2026-02-07 15:36:45.894910
837,Rachel,Gomez,1982-11-27,,2021-07-13,44,2026-04-08 07:07:43.503155,2026-03-02 05:07:04.193374
838,Carla,Wilson,1974-05-30,F,2021-04-03,168,2026-03-01 11:11:06.875610,2026-01-10 15:26:41.958551
839,Gina,Matthews,1921-03-19,F,2020-03-28,157,2026-04-05 09:09:53.650478,2026-03-06 13:35:39.611560
840,Sandra,Harrison,1918-07-02,F,2020-12-07,57,2026-01-14 08:43:51.190816,2026-03-24 04:52:44.073086
841,Joseph,Smith,2009-11-19,,2025-10-09,115,2026-03-31 21:54:05.681883,2026-01-31 17:54:12.601194
842,Nicholas,Noble,1988-09-05,F,2020-05-28,165,2026-01-12 22:41:39.115137,2026-02-18 13:26:58.792507
843,Wendy,Santana,1935-10-12,M,2021-12-18,116,2026-02-25 18:16:44.877741,2026-02-15 18:56:34.237659
844,Edward,Nelson,1938-12-22,F,2022-07-26,58,2026-02-08 06:56:54.845663,2026-01-22 23:18:12.627802
845,Jeffery,Cordova,1929-02-20,M,2023-07-08,12,2026-03-26 18:07:49.753906,2026-01-19 18:30:02.584744
846,Ryan,Wilson,2005-11-27,,2024-05-04,6,2026-04-11 20:54:59.742764,2026-02-07 20:42:03.349280
847,Amy,Jones,1938-02-26,F,2023-03-13,186,2026-03-03 16:13:36.941587,2026-04-12 11:23:14.573882
848,Felicia,Alexander,2010-09-10,M,2020-11-08,115,2026-02-02 18:07:17.234301,2026-01-19 19:31:00.658506
849,Sarah,Garza,1912-10-15,F,2020-05-27,38,2026-01-27 14:22:10.277138,2026-03-18 22:56:19.802714
850,Jerry,Bowen,1968-06-27,F,2025-03-20,120,2026-02-01 00:57:58.557991,2026-04-03 07:42:19.447503
851,Matthew,Villarreal,1946-05-02,F,2022-07-11,116,2026-03-08 23:37:58.190538,2026-03-18 12:02:27.298751
852,April,Conway,2013-03-12,,2020-06-11,165,2026-02-03 17:20:07.152944,2026-03-05 01:18:09.923635
853,Michael,Hines,1998-06-09,,2022-09-30,61,2026-02-21 07:09:32.750617,2026-03-12 17:01:50.573086
854,Dean,Jones,1980-05-26,F,2024-03-13,68,2026-03-26 19:01:01.512356,2026-02-04 11:04:20.369970
855,Billy,Gonzalez,1932-04-15,M,2021-07-23,28,2026-03-15 19:37:05.014480,2026-02-11 20:16:37.205288
856,Laura,Brown,1954-07-14,,2021-09-03,115,2026-04-01 12:44:06.124596,2026-02-20 20:46:17.989092
857,John,Lee,1968-02-22,,2021-12-02,154,2026-04-12 21:37:10.625869,2026-01-29 07:37:19.488587
858,Emma,Hudson,1976-11-18,,2025-11-11,169,2026-04-08 19:12:00.320312,2026-03-06 11:57:08.636446
859,Samuel,Obrien,1953-05-31,,2024-09-24,8,2026-02-07 18:19:08.807111,2026-03-17 03:52:08.184536
860,Wanda,Robinson,2008-05-15,,2021-11-17,68,2026-01-26 17:09:18.302989,2026-01-24 00:18:31.950582
861,Kathryn,Knox,2012-07-30,M,2023-10-09,81,2026-03-12 18:36:07.632918,2026-02-04 03:48:59.234092
862,Jonathan,Cooper,1940-05-03,F,2024-08-23,5,2026-02-23 19:15:33.396469,2026-03-26 18:44:05.419668
863,Elizabeth,Allen,1933-07-09,,2022-09-27,159,2026-02-08 06:38:46.627732,2026-01-04 07:12:16.303787
864,Rachel,Oliver,1954-07-21,F,2022-07-31,1,2026-01-17 22:06:19.174757,2026-02-27 01:34:08.575412
865,Katelyn,Bray,1996-11-05,M,2021-03-24,133,2026-02-07 23:49:53.554074,2026-03-18 19:24:14.545233
866,Robert,Torres,2009-03-31,M,2022-05-08,122,2026-03-14 06:22:05.149493,2026-03-11 04:23:16.929373
867,Rachel,Bradford,1940-09-16,M,2022-09-13,96,2026-03-30 06:58:15.925200,2026-04-11 13:44:12.813588
868,Kayla,Hodges,1983-07-10,,2020-02-05,25,2026-01-04 07:14:09.488234,2026-03-20 19:54:51.855114
869,Mary,Peters,1970-07-21,F,2021-02-16,29,2026-02-28 06:18:09.904197,2026-02-04 17:08:48.343452
870,Joseph,Kelley,1998-05-06,M,2024-11-03,134,2026-01-10 01:13:11.229189,2026-02-19 17:27:40.631495
871,Lauren,Hunter,1989-11-20,F,2023-06-18,186,2026-03-16 19:36:30.247183,2026-01-04 02:04:22.298141
872,Xavier,Phillips,2015-06-21,F,2021-04-07,66,2026-04-08 05:55:52.591338,2026-02-07 12:03:20.113120
873,Joanna,Woodward,2024-07-24,M,2020-02-08,39,2026-03-02 07:09:22.645719,2026-02-09 14:25:16.602683
874,Ashley,Welch,1951-06-24,,2026-02-14,30,2026-02-10 05:29:46.305287,2026-03-05 20:40:05.402656
875,Amanda,Berry,1986-06-16,F,2023-07-14,94,2026-03-18 02:47:35.036789,2026-03-31 07:54:01.404314
876,Tina,Summers,2019-02-25,M,2022-08-03,151,2026-01-27 17:42:43.381531,2026-01-11 13:21:37.039092
877,Lance,Santiago,2002-07-15,F,2025-09-12,70,2026-01-12 14:49:04.464170,2026-02-22 15:32:29.860817
878,Mary,Campbell,1919-04-21,M,2020-06-07,181,2026-02-23 19:58:15.362518,2026-04-09 08:52:52.109271
879,Samuel,Alexander,1947-05-02,M,2022-02-22,106,2026-02-15 17:36:59.568877,2026-01-23 01:35:00.222528
880,Patricia,Nguyen,2017-10-30,F,2025-02-11,110,2026-01-16 09:10:09.528468,2026-03-16 06:32:08.385198
881,John,Kennedy,1915-03-21,M,2022-12-27,25,2026-01-19 22:41:30.372513,2026-01-24 14:03:14.523877
882,Julie,Brown,1943-10-15,M,2022-12-07,74,2026-03-29 07:42:25.075001,2026-04-03 23:27:41.799166
883,Leah,Sanchez,1983-08-27,M,2023-05-16,53,2026-03-02 05:10:37.582111,2026-02-22 14:33:43.901673
884,Melissa,Mejia,1971-08-07,F,2024-09-20,125,2026-01-10 02:31:59.561390,2026-03-17 19:17:30.994492
885,Stephen,Coleman,1919-08-21,F,2025-09-11,12,2026-02-28 23:35:34.739003,2026-03-28 13:13:42.807817
886,Monique,Garcia,1975-11-21,M,2022-05-19,74,2026-03-25 17:00:49.893014,2026-03-03 13:55:40.053391
887,Jill,Schmidt,2003-05-22,M,2025-05-25,45,2026-04-12 07:16:44.861172,2026-03-25 04:50:06.313293
888,Jason,Williams,1987-09-14,,2020-02-12,188,2026-01-22 17:45:14.670445,2026-02-03 14:04:09.508991
889,Matthew,Rose,1979-02-08,,2022-02-25,178,2026-02-26 18:23:33.998808,2026-01-11 08:05:48.913855
890,Erica,Wade,1929-10-24,,2022-08-24,150,2026-02-19 04:34:33.555010,2026-01-24 00:49:23.436115
891,Scott,Bryant,1988-06-19,M,2021-05-24,117,2026-01-27 00:40:50.378338,2026-01-11 18:16:22.870149
892,Donald,Reed,2023-07-04,F,2025-02-07,12,2026-04-11 18:43:17.359306,2026-03-10 02:34:31.613398
893,Nicholas,Hensley,1982-03-21,,2025-12-12,53,2026-03-26 19:59:56.587981,2026-03-31 10:30:24.816119
894,Juan,Franco,1978-10-21,F,2025-06-17,171,2026-02-07 14:14:37.921400,2026-02-13 03:11:09.350555
895,Christian,Mills,1978-06-16,F,2023-12-02,146,2026-03-11 18:07:16.888517,2026-01-28 19:19:42.264916
896,Peter,Kelly,1955-09-10,M,2024-10-22,38,2026-02-17 18:54:49.341055,2026-03-10 13:19:20.416919
897,Brooke,Garza,1915-11-30,M,2020-01-07,112,2026-02-08 04:23:54.526983,2026-02-14 01:30:19.842726
898,Eric,Hernandez,1931-11-28,F,2025-07-26,92,2026-02-03 23:08:58.681361,2026-01-30 04:49:12.320511
899,Maria,Johnson,2017-08-06,M,2020-09-13,58,2026-01-20 05:19:04.152492,2026-04-10 15:36:37.262568
900,Jackie,Gomez,1933-01-13,,2021-02-02,24,2026-03-15 06:37:33.989636,2026-04-13 15:32:24.922711
901,Fernando,Douglas,2006-02-26,,2025-01-30,67,2026-03-18 00:43:51.100709,2026-01-12 17:07:42.696129
902,Sabrina,Mills,1949-04-12,,2020-11-16,139,2026-03-06 03:47:29.922484,2026-03-10 13:52:00.754735
903,Stephanie,Gill,1942-07-20,F,2020-01-29,54,2026-01-07 20:33:02.062832,2026-02-15 12:57:10.604935
904,James,Williams,1990-12-26,F,2022-07-11,33,2026-03-11 16:04:21.402909,2026-03-30 03:28:27.309155
905,Michael,Scott,1976-09-16,,2024-02-01,22,2026-03-04 12:10:08.297779,2026-02-10 06:52:01.602071
906,Rebecca,Rodriguez,1948-10-31,F,2024-08-26,1,2026-02-11 05:07:32.731267,2026-01-17 04:29:34.509447
907,Dustin,Scott,1973-05-14,,2021-06-16,40,2026-04-13 15:38:22.626345,2026-01-02 20:20:45.846599
908,Bradley,Diaz,2024-10-18,,2024-12-08,182,2026-01-19 05:23:01.112284,2026-04-14 12:40:53.201294
909,Daniel,Cunningham,1949-09-04,F,2024-05-14,79,2026-03-25 20:23:26.913601,2026-03-13 01:16:12.628268
910,Pamela,Frank,1949-09-07,,2021-05-08,91,2026-03-09 10:06:29.870157,2026-01-30 17:42:10.333260
911,Dustin,Norris,1964-05-17,F,2022-03-26,195,2026-03-10 09:21:17.737030,2026-04-13 06:29:19.577253
912,Bradley,Parrish,1922-04-07,,2024-03-18,19,2026-01-25 08:12:56.730954,2026-04-11 20:03:21.637985
913,Peter,Hartman,1932-03-25,,2021-04-11,76,2026-03-27 18:00:21.085059,2026-03-26 21:06:47.583317
914,George,Jones,1978-06-15,F,2022-10-05,182,2026-04-09 09:46:31.184464,2026-03-24 12:08:55.713717
915,Chris,Glover,1968-03-15,,2022-02-25,65,2026-01-11 07:50:51.042608,2026-03-16 18:18:26.680987
916,Hannah,Sullivan,1924-04-19,,2021-09-26,34,2026-02-15 08:09:21.492508,2026-03-25 20:31:25.223799
917,Gregory,Smith,1990-08-01,,2021-11-03,149,2026-01-10 02:25:22.059735,2026-03-22 17:35:28.783819
918,Paul,Cunningham,1934-07-03,F,2022-08-25,105,2026-01-29 06:32:04.881400,2026-03-14 22:46:50.185555
919,Kyle,Ferguson,1934-11-01,M,2023-05-03,68,2026-03-14 09:32:58.809774,2026-03-20 07:15:49.951678
920,Kendra,Yu,1993-01-04,F,2025-07-25,96,2026-04-12 21:07:53.381914,2026-01-27 11:37:33.772480
921,Elizabeth,Knight,1945-12-10,M,2021-08-29,129,2026-03-10 19:08:21.135846,2026-04-04 10:44:14.263762
922,Jason,Harris,1946-10-20,M,2022-05-14,111,2026-03-21 09:52:28.103015,2026-02-01 23:54:47.306394
923,Morgan,Day,1921-01-28,,2020-06-27,85,2026-04-03 21:58:23.916286,2026-02-18 20:06:51.503071
924,Nicole,Lee,1986-05-02,F,2025-01-11,171,2026-02-04 15:25:58.369570,2026-02-18 04:05:58.213666
925,Erik,Morrison,2021-04-06,M,2025-01-22,169,2026-02-02 06:51:51.362836,2026-03-13 11:24:41.405256
926,Paul,Jimenez,1959-12-09,M,2025-06-17,37,2026-02-27 03:59:36.465525,2026-02-16 05:56:42.998854
927,Michelle,Gilbert,1999-02-08,F,2023-04-20,14,2026-03-08 18:12:06.212765,2026-03-13 20:34:56.389541
928,Belinda,Copeland,1981-05-08,F,2021-07-24,166,2026-03-23 09:04:23.741426,2026-01-25 23:51:38.357414
929,Ryan,Hoover,2009-02-22,,2025-12-08,4,2026-02-21 09:55:54.726654,2026-02-18 19:55:31.431134
930,Rachel,Anderson,1938-03-17,F,2021-09-25,20,2026-02-28 19:42:50.710593,2026-04-11 04:23:59.828521
931,David,Johnson,2021-06-09,F,2022-12-15,27,2026-02-01 05:59:19.612693,2026-02-23 04:41:23.422498
932,Christian,Anderson,1977-06-21,F,2021-02-04,80,2026-03-15 00:00:15.370243,2026-03-20 01:16:00.498246
933,Robert,Jones,1967-11-26,M,2023-09-03,6,2026-01-10 04:09:57.554135,2026-02-03 03:37:53.498556
934,Theresa,White,2021-09-08,M,2024-02-08,64,2026-01-13 02:07:03.469121,2026-01-17 02:44:52.050221
935,Gary,Gonzalez,1961-07-24,,2025-03-01,116,2026-01-08 14:43:22.780213,2026-01-31 01:00:21.554040
936,Amanda,Watson,1996-09-23,M,2026-04-01,175,2026-02-07 08:47:49.328233,2026-03-22 11:30:09.566985
937,Thomas,Coleman,1965-02-19,F,2025-11-05,127,2026-03-26 16:32:09.502455,2026-02-08 05:54:39.265218
938,Roger,Lamb,2024-01-06,M,2025-04-11,122,2026-01-16 15:25:14.632057,2026-03-31 12:32:12.842359
939,Linda,Nunez,2006-02-18,,2021-01-01,36,2026-04-04 07:10:54.298638,2026-02-19 04:54:36.506862
940,Lynn,Rodriguez,1977-11-18,M,2024-10-19,102,2026-03-07 13:13:40.030684,2026-03-22 00:51:50.095644
941,Debra,Hodge,1987-11-23,M,2024-11-08,187,2026-01-01 05:41:45.389875,2026-01-24 03:04:46.555405
942,Patricia,White,2007-05-28,M,2023-04-19,71,2026-02-15 16:25:31.804580,2026-03-09 14:19:53.814029
943,Nicole,Griffin,2003-06-10,M,2023-07-10,49,2026-01-09 15:38:19.895875,2026-01-17 18:48:56.491302
944,Deborah,Mendez,1929-10-23,M,2023-01-02,113,2026-02-15 05:16:31.935973,2026-01-13 00:46:11.456974
945,Deborah,Mays,1914-06-05,F,2020-12-30,144,2026-02-04 18:17:49.682206,2026-03-18 01:22:48.611448
946,Erica,Beltran,1974-09-06,M,2025-03-07,137,2026-02-13 00:31:12.493004,2026-03-19 21:30:53.533067
947,Brian,Sharp,1983-09-07,,2020-10-24,61,2026-02-15 12:43:36.925823,2026-02-17 15:37:08.080241
948,Angela,Irwin,1964-10-25,,2020-12-24,71,2026-03-19 14:47:19.998857,2026-01-04 16:19:31.750586
949,Melissa,Johnson,1977-12-29,M,2023-02-24,154,2026-03-28 23:36:47.206289,2026-01-05 01:51:31.718442
950,Jennifer,Klein,1923-10-07,M,2022-11-25,20,2026-01-29 00:26:47.395450,2026-03-14 09:05:30.160073
951,Renee,Thompson,1933-01-18,,2020-11-03,21,2026-04-08 19:25:07.087333,2026-02-03 13:47:18.584307
952,Ariel,Williams,1953-03-01,F,2020-03-31,78,2026-03-17 15:47:10.017492,2026-03-08 20:43:15.305231
953,Walter,Valdez,1928-07-16,F,2023-10-26,25,2026-04-09 07:17:25.305867,2026-03-02 00:48:14.457171
954,Ryan,Simmons,1928-03-21,M,2020-01-23,195,2026-03-09 16:53:13.040035,2026-02-13 02:12:25.683629
955,Mary,Walter,1915-11-25,M,2023-09-14,192,2026-02-27 10:43:59.638581,2026-03-31 03:36:23.650773
956,Laura,Green,2018-01-22,,2020-03-09,128,2026-01-22 00:13:16.679261,2026-03-04 01:44:59.959715
957,Alison,Mahoney,1912-02-01,F,2024-05-15,116,2026-03-30 05:08:33.050874,2026-02-17 02:37:27.612457
958,Alexis,Ramos,1999-03-05,,2025-03-05,138,2026-01-25 06:42:57.979828,2026-04-12 03:41:36.058335
959,Sandra,Williamson,1969-07-26,,2023-11-11,116,2026-02-07 06:07:20.324461,2026-03-25 06:43:41.717538
960,Isaiah,Morales,1988-12-19,F,2021-04-10,162,2026-02-18 11:58:49.348958,2026-02-21 09:27:02.635827
961,Mary,Vega,1952-02-16,M,2025-08-03,30,2026-04-14 04:45:01.500162,2026-03-20 23:22:35.025333
962,Thomas,Newton,1988-01-01,F,2025-12-23,41,2026-04-08 14:51:44.248138,2026-02-17 16:22:22.911331
963,Kelly,Smith,1996-10-25,,2022-04-13,190,2026-04-02 01:11:38.885276,2026-01-21 01:53:46.150470
964,Felicia,Young,1980-11-19,,2023-01-18,45,2026-03-04 15:43:10.208606,2026-02-03 00:04:23.090351
965,Jessica,Bowman,2017-09-08,M,2024-10-31,130,2026-01-29 10:19:51.888398,2026-03-12 20:29:04.549614
966,Angela,Cain,1978-08-22,M,2022-01-20,53,2026-03-15 13:29:50.837181,2026-03-04 06:29:19.054711
967,Michael,Smith,1965-02-07,,2021-09-22,173,2026-04-11 23:15:54.643069,2026-01-21 12:27:39.706910
968,Natalie,Gutierrez,1999-12-20,,2021-01-04,120,2026-01-17 06:39:56.218179,2026-03-20 11:02:51.318824
969,Colleen,Snyder,2010-09-08,F,2021-11-25,84,2026-02-02 11:02:01.199847,2026-01-09 14:28:21.900747
970,Nathan,Harris,1992-03-29,F,2024-09-27,140,2026-01-13 06:09:29.468633,2026-03-06 20:19:33.843016
971,Ronald,Perry,1930-02-10,F,2022-10-29,197,2026-02-11 11:12:50.360814,2026-02-03 14:19:45.347094
972,Kelly,Tucker,1998-09-22,F,2022-03-10,174,2026-01-31 04:49:48.629245,2026-04-12 12:31:40.608898
973,Heather,Kelly,1921-06-11,M,2020-05-24,95,2026-01-14 01:36:17.410325,2026-01-18 20:29:02.242690
974,Nathaniel,Ruiz,1950-08-06,F,2020-03-24,117,2026-02-16 03:55:24.893510,2026-03-02 12:24:10.094892
975,Alisha,Jensen,1969-05-25,,2025-10-21,37,2026-01-24 11:19:17.875252,2026-03-11 12:13:11.791637
976,Toni,Hernandez,1933-09-26,F,2020-10-23,173,2026-04-01 01:51:51.641885,2026-01-10 09:03:25.653112
977,Andrew,Nichols,1944-04-04,M,2024-09-09,168,2026-04-12 21:03:52.323581,2026-02-12 14:15:02.714752
978,James,Brock,1991-05-31,F,2025-03-01,181,2026-02-15 07:51:43.558358,2026-02-07 15:07:24.516250
979,Adriana,Sharp,1955-11-28,M,2022-10-19,85,2026-02-16 16:11:23.781610,2026-03-17 11:00:29.320435
980,Angela,Walker,1943-11-08,F,2025-11-18,98,2026-01-22 08:42:02.231063,2026-02-03 19:53:32.191440
981,Angela,Bray,2014-05-29,,2021-06-07,178,2026-03-20 16:02:01.421001,2026-04-04 14:35:21.190160
982,Victoria,Johnson,1915-06-19,M,2020-02-18,24,2026-03-23 22:52:06.327722,2026-02-02 03:17:35.409454
983,Bryan,Lane,2022-11-02,F,2023-11-21,93,2026-01-29 22:36:54.652028,2026-02-26 17:59:02.445754
984,Traci,Bennett,1975-04-02,M,2024-12-05,65,2026-01-19 07:29:37.769076,2026-02-15 01:18:40.343010
985,Robert,Perez,1929-07-26,,2025-05-02,12,2026-02-12 03:57:45.467064,2026-01-29 15:24:55.447214
986,Katherine,Navarro,1924-10-08,M,2021-05-31,84,2026-03-03 01:57:10.907097,2026-04-04 19:28:34.585482
987,Amy,Fletcher,2023-08-02,F,2023-01-01,140,2026-02-15 04:42:30.866063,2026-03-06 06:41:49.454679
988,Carrie,Figueroa,1944-05-21,F,2023-04-03,23,2026-03-06 22:59:14.852327,2026-03-29 02:53:50.249772
989,Linda,Ramsey,1938-11-29,F,2020-12-16,190,2026-02-15 01:50:56.031055,2026-01-11 06:47:10.933000
990,Wanda,Martin,1979-09-10,M,2020-06-20,143,2026-03-12 23:30:21.045797,2026-01-01 06:52:58.494053
991,Judy,Barnes,1962-02-06,,2023-02-18,138,2026-04-06 08:06:01.506954,2026-03-25 02:40:22.392477
992,Michele,Greene,2019-01-07,F,2021-11-22,124,2026-01-18 23:44:31.265208,2026-03-06 06:41:48.986457
993,Catherine,Cook,1965-05-20,,2021-06-15,78,2026-03-13 16:52:43.574960,2026-02-07 06:12:16.058735
994,Gary,Shepherd,2025-07-31,M,2024-01-13,94,2026-04-04 14:14:51.154531,2026-03-05 02:34:27.465461
995,Hannah,Kim,2023-06-09,,2023-12-22,88,2026-03-27 15:22:36.521626,2026-02-26 22:22:17.300803
996,Samuel,Jones,2016-02-13,M,2022-07-16,26,2026-02-12 19:39:05.929736,2026-01-03 17:16:09.658694
997,Carolyn,Smith,1958-02-22,,2022-11-01,37,2026-01-05 05:04:58.111299,2026-02-05 09:58:12.439077
998,Carmen,Lester,1990-04-16,F,2022-11-14,176,2026-03-18 13:46:08.711545,2026-02-24 10:09:35.407101
999,Christopher,Lam,1931-01-17,M,2025-11-22,63,2026-04-04 16:53:46.920702,2026-02-19 08:36:54.928984
1000,James,Spencer,1946-06-06,F,2022-08-05,164,2026-03-04 03:03:12.844995,2026-04-01 09:23:27.450104
