policy_id,policy_number,coverage_type,start_date,end_date,premium_amount,created_at,updated_at
1,POL1405,Full,2021-03-26,2023-10-18,3549.11,2026-02-24 06:29:29.422764,2026-03-13 07:33:49.200366
2,POL5012,Full,2022-11-12,2024-02-25,8563.27,2026-02-25 03:12:17.094848,2026-02-24 05:29:10.645383
3,POL6835,Partial,2021-07-25,2023-08-18,1575.92,2026-03-25 03:49:20.178493,2026-01-21 07:49:00.142039
4,POL6171,Partial,2022-01-13,2024-04-10,1904.47,2026-03-20 06:57:40.814597,2026-03-31 15:35:06.719623
5,POL6926,Partial,2023-02-20,2024-07-20,2460.02,2026-02-21 21:04:38.713343,2026-02-14 20:49:20.692830
6,POL8209,Full,2026-03-24,2026-10-09,5740.26,2026-01-05 02:29:00.552150,2026-02-19 22:16:39.355373
7,POL4974,Partial,2023-05-06,2024-08-10,1680.53,2026-03-20 21:46:15.775885,2026-01-27 16:57:58.590878
8,POL2468,Full,2020-07-02,2021-09-02,7593.08,2026-01-10 09:53:10.061437,2026-03-07 11:09:26.481490
9,POL7479,Partial,2021-08-12,2022-10-21,7729.57,2026-02-07 00:24:46.116532,2026-01-11 00:41:36.147601
10,POL9762,Partial,2025-02-15,2026-02-04,3485.19,2026-03-23 01:30:47.504347,2026-01-03 11:44:41.723566
11,POL5260,Full,2023-01-29,2024-05-15,8226.8,2026-03-09 23:14:14.950493,2026-03-29 19:15:06.297958
12,POL8911,Full,2024-07-23,2026-10-16,3736.5,2026-03-23 17:40:52.403617,2026-03-09 12:02:38.340852
13,POL9062,Full,2022-08-17,2023-02-24,5937.42,2026-01-17 10:01:32.396580,2026-03-19 05:14:05.607827
14,POL1750,Full,2024-05-30,2026-08-24,5003.34,2026-04-08 17:45:49.288858,2026-04-09 07:02:34.963485
15,POL9298,Partial,2023-11-30,2024-06-17,2230.17,2026-02-04 20:02:08.832718,2026-01-03 04:14:07.961133
16,POL2162,Full,2020-05-07,2022-01-11,4750.63,2026-03-19 03:45:21.339363,2026-01-22 18:11:02.184861
17,POL3503,Partial,2025-08-03,2027-01-21,2126.77,2026-04-13 17:50:40.845150,2026-01-22 17:52:06.556230
18,POL7397,Full,2020-07-20,2021-08-07,7025.07,2026-01-24 08:12:29.976255,2026-03-17 11:26:41.403930
19,POL0439,Full,2022-01-22,2023-05-07,6876.8,2026-01-17 21:04:32.894197,2026-03-15 22:23:47.402882
20,POL0975,Full,2024-04-02,2025-11-13,3708.17,2026-01-27 00:30:13.761171,2026-03-07 02:19:49.477531
21,POL0848,Partial,2021-09-13,2023-05-13,9279.94,2026-04-06 06:49:14.005376,2026-02-08 05:34:32.877688
22,POL4799,Full,2023-12-01,2026-03-07,9109.34,2026-01-29 13:51:41.964013,2026-03-01 17:39:48.598394
23,POL2366,Partial,2022-11-04,2024-02-24,6278.59,2026-04-09 16:50:39.695979,2026-04-13 06:33:47.045296
24,POL7352,Partial,2023-06-21,2026-02-10,8364.46,2026-02-10 09:08:39.037071,2026-03-03 18:31:00.555916
25,POL5095,Full,2021-12-16,2023-05-13,8007.39,2026-04-09 07:28:18.978708,2026-03-03 23:17:05.166715
26,POL6944,Partial,2021-03-19,2023-06-09,5232.39,2026-01-22 13:28:02.948749,2026-01-21 10:55:41.427666
27,POL6350,Full,2022-04-22,2023-04-14,5792.99,2026-02-09 09:56:33.588572,2026-01-18 04:44:13.225907
28,POL2286,Partial,2025-02-04,2027-01-14,7659.59,2026-02-01 21:33:11.000906,2026-02-12 13:48:37.655265
29,POL9155,Partial,2023-05-27,2025-10-12,9646.21,2026-02-01 19:32:40.984689,2026-01-05 23:26:23.544872
30,POL5743,Full,2025-07-17,2026-01-26,7447.43,2026-03-26 01:00:11.242508,2026-01-04 06:51:49.099040
31,POL5497,Full,2020-03-17,2022-11-16,8808.85,2026-03-02 15:27:29.397042,2026-02-03 04:20:14.404323
32,POL6351,Partial,2024-02-16,2025-01-05,5118.43,2026-04-08 23:30:24.037143,2026-03-08 00:48:46.189021
33,POL7966,Full,2020-03-17,2020-10-18,9684.25,2026-03-14 19:52:40.867799,2026-01-31 09:44:33.462078
34,POL6069,Full,2024-08-08,2026-02-05,2171.25,2026-04-13 20:25:15.879870,2026-03-27 20:34:18.315565
35,POL1136,Full,2023-07-23,2025-12-24,8261.02,2026-03-04 09:06:00.709605,2026-01-06 18:58:27.364243
36,POL5007,Full,2021-10-09,2024-04-03,1805.66,2026-04-06 11:44:48.384619,2026-04-01 11:53:06.997951
37,POL4588,Full,2021-12-09,2023-05-17,8944.01,2026-03-02 14:23:11.881753,2026-02-04 10:51:41.737548
38,POL6424,Full,2023-10-31,2026-06-09,5946.1,2026-02-15 23:47:45.112474,2026-01-30 00:04:38.909963
39,POL4102,Full,2022-03-13,2024-08-18,6256.49,2026-02-17 21:30:37.822917,2026-02-12 03:09:27.489115
40,POL9148,Full,2026-04-10,2028-12-27,8647.09,2026-03-03 21:00:34.415083,2026-01-16 11:13:15.081491
41,POL9059,Full,2023-05-01,2024-02-24,7237.71,2026-01-25 11:30:48.004524,2026-03-14 16:12:24.956942
42,POL9154,Partial,2025-12-11,2027-09-04,1297.33,2026-02-12 14:04:07.406733,2026-02-15 17:06:31.952494
43,POL6212,Partial,2024-02-19,2025-08-15,6531.73,2026-01-06 21:26:03.505252,2026-02-28 13:59:25.194997
44,POL8496,Partial,2022-08-12,2024-03-02,8889.9,2026-01-05 16:34:56.222229,2026-01-06 16:42:09.835543
45,POL1537,Partial,2024-03-23,2024-07-13,1594.32,2026-03-20 20:57:50.936891,2026-04-01 04:26:30.071476
46,POL1200,Partial,2020-04-03,2022-04-29,4311.56,2026-01-09 04:15:57.832354,2026-03-10 14:48:57.132512
47,POL1801,Full,2021-04-15,2023-05-09,1516.9,2026-03-24 20:26:24.647170,2026-03-19 22:21:33.710015
48,POL2853,Full,2021-04-28,2022-05-01,9435.6,2026-02-14 09:25:07.382765,2026-01-28 08:41:14.410928
49,POL2243,Full,2020-08-09,2023-03-26,9198.26,2026-01-10 10:46:52.223261,2026-01-30 11:33:56.591484
50,POL5085,Partial,2025-10-21,2028-02-20,7808.83,2026-02-20 10:55:13.500180,2026-03-18 09:39:11.114906
51,POL2815,Partial,2020-01-03,2021-04-14,8965.41,2026-03-27 08:13:55.760494,2026-01-12 07:16:20.464475
52,POL6914,Partial,2024-06-08,2026-07-24,3689.42,2026-03-19 05:27:38.833970,2026-03-14 22:06:51.466880
53,POL5264,Partial,2023-10-07,2025-03-24,8164.11,2026-04-02 05:14:03.697196,2026-03-03 14:21:30.946715
54,POL7769,Partial,2025-06-24,2026-10-22,8451.68,2026-02-14 23:02:31.218649,2026-01-26 14:40:55.959709
55,POL9881,Full,2023-05-07,2025-08-09,9110.66,2026-03-26 12:07:13.772057,2026-03-31 04:22:46.164617
56,POL6801,Full,2025-08-22,2026-12-08,4531.24,2026-01-26 20:30:48.817816,2026-01-03 06:26:44.910582
57,POL4755,Full,2024-09-02,2025-06-15,9529.98,2026-04-13 06:18:10.104623,2026-01-02 16:46:20.752620
58,POL4400,Full,2020-02-24,2021-01-28,8524.11,2026-01-27 02:25:24.816583,2026-03-04 12:59:44.637268
59,POL1754,Full,2025-01-20,2025-07-31,7908.99,2026-03-02 19:19:40.263126,2026-03-17 03:26:15.340880
60,POL8379,Partial,2026-01-09,2028-06-02,5918.15,2026-02-17 03:58:24.488804,2026-02-08 21:48:34.819885
61,POL1999,Full,2021-05-14,2023-05-19,1171.95,2026-03-07 12:27:04.550225,2026-03-15 02:06:55.160498
62,POL9099,Full,2022-02-13,2022-07-14,1331.99,2026-02-02 01:22:59.538035,2026-04-01 15:08:23.922920
63,POL9895,Partial,2021-09-19,2023-05-31,7197.52,2026-04-01 13:33:11.272647,2026-03-03 04:23:55.765265
64,POL1262,Full,2022-04-06,2022-11-10,6374.06,2026-02-18 03:27:58.133596,2026-04-14 15:34:40.087095
65,POL0743,Full,2024-07-01,2026-05-25,2335.8,2026-03-29 11:12:02.352982,2026-02-24 02:02:08.340456
66,POL5835,Full,2024-03-31,2024-12-11,4755.76,2026-03-30 12:57:43.250528,2026-03-02 17:06:09.416395
67,POL8956,Full,2025-11-07,2027-10-16,5489.62,2026-03-03 17:58:53.720061,2026-01-11 17:04:04.144823
68,POL1335,Full,2026-03-31,2026-07-14,7422.06,2026-03-28 07:37:22.876959,2026-04-07 02:56:26.069816
69,POL8191,Full,2023-03-18,2025-02-04,6380.74,2026-03-16 05:22:33.428659,2026-03-06 02:40:46.011730
70,POL4007,Partial,2020-08-07,2022-11-17,1499.3,2026-03-23 07:08:55.306662,2026-03-28 07:35:15.735528
71,POL2039,Full,2024-11-11,2026-01-16,1123.97,2026-02-01 23:05:44.767788,2026-04-04 04:10:39.843259
72,POL3250,Full,2025-01-24,2026-09-29,1852.91,2026-01-31 10:56:33.125683,2026-04-11 18:22:24.172417
73,POL7940,Full,2023-10-17,2024-06-30,7885.33,2026-02-07 18:51:07.890126,2026-03-01 17:38:39.233929
74,POL4601,Full,2025-01-15,2026-12-28,7268.75,2026-02-13 23:58:21.341881,2026-01-05 05:31:32.505322
75,POL2935,Partial,2021-09-24,2022-11-03,1991.97,2026-03-23 11:33:52.058101,2026-01-09 17:02:03.335863
76,POL8722,Full,2024-11-25,2027-08-22,7579.38,2026-02-17 21:32:46.793142,2026-01-17 00:03:46.363163
77,POL1262,Full,2025-09-20,2026-06-02,5847.2,2026-01-11 10:29:23.201988,2026-02-16 10:44:43.834025
78,POL2012,Partial,2024-03-22,2026-05-12,3329.99,2026-01-16 02:49:52.058600,2026-01-09 23:42:54.799508
79,POL6930,Full,2022-12-07,2023-10-11,4984.78,2026-02-19 19:22:54.693902,2026-02-25 14:25:02.712468
80,POL6967,Partial,2020-11-04,2021-10-30,5196.86,2026-03-04 14:38:52.746909,2026-03-24 08:27:33.600657
81,POL2028,Partial,2020-01-28,2020-06-02,1769.04,2026-01-02 10:00:19.849260,2026-02-04 05:27:04.876371
82,POL0195,Full,2024-06-08,2025-11-13,9470.07,2026-04-08 20:01:24.382483,2026-01-07 20:59:04.685970
83,POL8138,Full,2020-01-26,2022-01-04,4125.74,2026-01-24 08:44:14.929345,2026-01-10 20:40:42.375063
84,POL8349,Full,2022-09-16,2024-10-15,7396.94,2026-01-15 22:53:24.657111,2026-02-28 16:03:01.172878
85,POL7124,Full,2024-03-04,2024-12-20,1413.66,2026-03-11 04:25:14.112607,2026-03-31 14:44:37.763141
86,POL2767,Full,2022-09-27,2025-04-24,4317.72,2026-03-12 06:18:06.523935,2026-02-19 10:32:16.136997
87,POL9894,Full,2025-01-31,2026-01-07,1803.63,2026-01-05 11:06:48.461628,2026-03-30 18:54:46.498237
88,POL6937,Full,2020-08-06,2021-12-06,6460.67,2026-02-06 22:47:41.839299,2026-01-05 10:36:39.363642
89,POL9658,Partial,2024-01-01,2026-09-05,9933.81,2026-03-17 08:33:40.277895,2026-01-02 10:57:51.126111
90,POL8854,Partial,2026-04-07,2027-04-17,2912.62,2026-03-16 17:40:17.886906,2026-04-09 08:29:01.704369
91,POL9737,Full,2024-09-25,2025-09-17,6793.42,2026-03-19 00:57:48.667678,2026-03-21 21:10:23.147170
92,POL9375,Full,2023-05-07,2025-12-17,9066.24,2026-01-10 09:01:00.845072,2026-03-13 18:26:08.176088
93,POL4717,Partial,2023-03-05,2024-02-05,3938.26,2026-03-13 02:58:29.960029,2026-02-07 17:39:33.711339
94,POL4647,Partial,2024-08-05,2025-04-20,6659.37,2026-02-03 02:46:20.351457,2026-04-04 04:06:18.729103
95,POL7377,Partial,2025-11-24,2027-07-28,8616.31,2026-03-02 08:56:13.387173,2026-03-10 14:27:04.945442
96,POL2988,Partial,2020-02-20,2021-10-19,4312.41,2026-01-04 21:50:09.520357,2026-02-25 07:56:05.300971
97,POL6414,Partial,2023-05-09,2025-03-06,8428.34,2026-03-18 08:45:51.955431,2026-02-06 00:33:19.672053
98,POL9108,Full,2022-07-30,2023-10-27,5507.56,2026-03-31 16:06:05.668724,2026-04-10 23:31:25.216529
99,POL9318,Full,2021-12-17,2024-08-05,6929.96,2026-03-11 01:20:19.078528,2026-02-02 05:15:57.789899
100,POL9158,Full,2024-07-19,2025-04-07,7106.34,2026-01-18 14:21:00.622166,2026-03-05 22:18:41.272826
101,POL0961,Partial,2024-01-07,2026-06-07,4942.3,2026-03-21 01:51:25.172832,2026-03-20 05:26:03.105376
102,POL8048,Full,2024-11-15,2027-06-13,7554.56,2026-03-15 01:34:33.427483,2026-01-19 00:34:54.127695
103,POL1671,Full,2021-11-30,2023-04-08,7439.14,2026-03-11 04:18:04.884507,2026-02-10 02:18:29.917850
104,POL3288,Full,2023-02-06,2024-10-21,3630.95,2026-01-15 05:12:32.585541,2026-03-29 21:54:23.176405
105,POL1624,Full,2020-04-27,2022-07-17,9510.72,2026-02-12 18:23:23.449887,2026-02-01 01:27:45.326033
106,POL1252,Full,2024-06-27,2025-10-01,1776.09,2026-03-16 10:34:35.709686,2026-01-21 06:18:40.118755
107,POL2909,Full,2024-05-10,2025-03-04,7864.93,2026-03-03 18:27:38.753668,2026-03-13 23:17:39.100459
108,POL8995,Partial,2021-09-21,2023-07-10,2839.63,2026-04-03 18:19:08.113468,2026-02-27 00:11:51.222015
109,POL1409,Full,2020-06-03,2022-10-30,6346.57,2026-02-16 07:03:08.298542,2026-01-17 19:54:16.169384
110,POL6715,Partial,2023-10-22,2024-05-16,1360.45,2026-03-04 23:10:38.153687,2026-01-17 02:42:04.887289
111,POL6721,Full,2022-08-24,2023-06-03,2914.42,2026-03-19 00:51:56.504845,2026-04-12 08:38:19.483403
112,POL4029,Partial,2025-03-18,2026-06-13,3417.57,2026-01-04 00:04:37.232008,2026-03-05 01:52:48.768921
113,POL5799,Full,2020-11-12,2023-05-29,5687.06,2026-04-14 02:59:39.252862,2026-02-21 16:31:02.626596
114,POL7686,Partial,2021-06-28,2023-02-20,7274.75,2026-01-03 01:24:31.594510,2026-02-08 23:31:47.816186
115,POL7348,Partial,2022-02-07,2023-05-18,5661.3,2026-04-09 18:12:26.836254,2026-03-15 15:22:26.896877
116,POL3183,Full,2022-04-10,2023-04-13,1887.03,2026-01-15 09:57:53.578444,2026-03-23 00:57:36.620147
117,POL5358,Full,2023-04-04,2023-10-06,4812.28,2026-03-08 03:40:38.584431,2026-01-04 09:50:50.335261
118,POL3408,Partial,2020-11-27,2022-04-17,5912.23,2026-04-12 16:11:46.445303,2026-04-02 02:28:53.429092
119,POL2267,Partial,2026-04-06,2028-03-07,1394.3,2026-03-30 09:26:31.430429,2026-03-31 18:37:18.969841
120,POL2907,Full,2020-12-13,2022-09-02,3829.98,2026-03-15 11:26:00.928413,2026-03-03 08:49:36.780736
121,POL6281,Full,2021-03-21,2021-07-14,8777.4,2026-03-20 01:17:47.574093,2026-01-21 21:01:40.105934
122,POL1631,Partial,2024-01-19,2025-07-12,3268.1,2026-02-06 09:48:20.008919,2026-01-31 23:43:09.743930
123,POL3528,Partial,2023-10-10,2025-04-09,8063.14,2026-01-25 02:40:52.055666,2026-02-04 09:56:49.225593
124,POL3414,Full,2021-02-01,2022-06-10,9056.99,2026-03-27 22:50:05.221685,2026-01-13 20:11:00.735490
125,POL5896,Full,2025-03-03,2025-11-10,2570.4,2026-01-04 13:20:54.144175,2026-01-20 21:23:43.136053
126,POL9597,Partial,2022-06-23,2022-10-13,9581.64,2026-03-07 20:10:36.582562,2026-02-05 23:42:00.593800
127,POL7407,Partial,2023-06-01,2025-12-01,3765.96,2026-01-13 15:57:12.272408,2026-04-13 06:43:19.212620
128,POL2336,Partial,2023-10-16,2025-11-28,6893.12,2026-01-28 14:02:40.867436,2026-01-20 11:55:45.183699
129,POL6731,Full,2022-10-28,2025-04-07,4210.76,2026-01-12 14:22:32.885545,2026-02-19 14:02:47.165186
130,POL4313,Partial,2024-08-17,2027-04-02,7504.61,2026-01-16 23:44:14.719858,2026-02-20 12:11:28.540770
131,POL3480,Full,2021-10-10,2023-08-01,9513.86,2026-01-26 11:33:11.485576,2026-02-12 19:32:53.184604
132,POL6834,Partial,2022-03-18,2022-08-06,3576.02,2026-01-04 23:36:13.095994,2026-02-11 03:24:28.576802
133,POL9243,Partial,2022-12-03,2025-08-21,2573.0,2026-02-06 04:36:08.988596,2026-01-20 01:54:33.845480
134,POL6200,Partial,2025-11-24,2026-12-06,8621.47,2026-03-28 06:46:50.373627,2026-02-16 05:16:27.016692
135,POL4421,Partial,2021-11-20,2023-10-17,3012.9,2026-04-07 09:07:07.570767,2026-04-08 21:44:52.025623
136,POL5043,Partial,2024-08-02,2026-12-21,4632.57,2026-03-22 09:27:00.141707,2026-03-03 22:58:14.178543
137,POL9276,Partial,2023-03-13,2025-09-22,2499.06,2026-02-23 05:44:54.840910,2026-03-18 15:48:35.448494
138,POL7754,Full,2025-07-19,2027-09-24,2272.55,2026-01-27 05:43:43.717348,2026-03-10 17:15:17.489900
139,POL1641,Full,2025-06-02,2026-04-17,9253.95,2026-03-04 05:33:17.215315,2026-02-23 09:45:51.025912
140,POL6411,Partial,2023-07-16,2024-11-23,1188.8,2026-02-15 12:34:04.262030,2026-02-22 01:21:56.888287
141,POL8886,Partial,2024-11-29,2027-05-29,5727.12,2026-01-10 22:08:04.088521,2026-01-04 19:19:12.403689
142,POL2725,Full,2021-10-23,2023-04-29,3842.23,2026-02-01 02:16:04.742794,2026-03-14 13:37:43.421319
143,POL6060,Full,2021-01-06,2022-04-08,1786.27,2026-03-12 13:10:10.138958,2026-01-16 12:27:04.082157
144,POL4380,Full,2020-05-24,2021-01-06,5056.94,2026-01-09 11:32:40.276060,2026-03-22 12:47:04.780369
145,POL3650,Full,2026-01-26,2028-09-04,2546.19,2026-01-10 15:45:15.507895,2026-01-23 23:17:32.773206
146,POL8661,Partial,2024-09-19,2026-03-06,6955.39,2026-03-10 09:53:43.010252,2026-03-15 13:37:33.873331
147,POL8809,Partial,2020-01-05,2021-01-15,8415.8,2026-03-15 06:09:35.443583,2026-02-23 06:46:44.980156
148,POL0992,Partial,2022-02-03,2023-10-04,4600.72,2026-03-22 11:09:49.427001,2026-01-18 16:19:52.944172
149,POL7973,Full,2026-01-08,2028-04-04,5838.74,2026-04-08 04:04:03.466037,2026-01-28 13:57:34.717184
150,POL7200,Full,2020-09-10,2020-12-20,3933.36,2026-03-01 02:25:41.781203,2026-01-31 00:44:27.541033
151,POL3695,Full,2023-09-23,2026-06-06,3676.49,2026-03-24 13:56:06.860878,2026-03-19 17:39:44.985029
152,POL8648,Partial,2022-12-01,2024-04-07,7273.06,2026-01-19 14:32:27.904583,2026-04-06 15:46:17.680799
153,POL8965,Partial,2024-01-27,2026-10-20,9577.96,2026-02-15 08:55:19.517745,2026-01-26 02:11:19.615401
154,POL8742,Partial,2023-02-09,2025-07-16,3659.67,2026-02-11 23:39:28.710442,2026-03-08 21:30:01.543925
155,POL6423,Full,2023-06-07,2025-02-15,4332.62,2026-01-13 18:19:23.477933,2026-02-11 09:03:48.084609
156,POL6490,Full,2021-06-16,2023-04-01,6459.0,2026-03-18 22:53:28.433937,2026-01-26 14:44:23.226316
157,POL4813,Partial,2023-11-02,2024-03-15,6764.44,2026-04-02 05:29:12.942322,2026-01-14 09:26:58.789810
158,POL1481,Partial,2023-07-15,2024-02-13,5275.79,2026-03-19 14:33:48.544171,2026-02-01 05:24:25.328142
159,POL9375,Full,2022-03-07,2022-09-09,2772.07,2026-02-27 16:06:39.624488,2026-03-30 14:00:30.910163
160,POL0679,Partial,2021-12-05,2023-06-20,2126.97,2026-03-13 18:45:35.492353,2026-01-04 15:25:50.936266
161,POL2361,Partial,2026-02-27,2027-01-18,6404.7,2026-02-18 07:42:47.744262,2026-02-14 08:07:26.197875
162,POL3567,Partial,2026-01-06,2026-09-20,2041.55,2026-04-08 08:00:55.133923,2026-04-13 22:26:54.989834
163,POL6002,Partial,2020-07-28,2021-10-30,9524.87,2026-04-08 14:01:26.085650,2026-02-23 23:33:43.330651
164,POL2657,Partial,2021-08-27,2024-04-06,4060.53,2026-01-27 15:30:30.892757,2026-03-02 03:53:14.619756
165,POL1045,Partial,2022-12-02,2024-08-08,9288.02,2026-03-13 08:28:10.522365,2026-01-20 13:10:13.099904
166,POL8221,Full,2020-03-20,2022-10-03,7235.66,2026-02-02 03:26:54.089429,2026-04-08 08:20:25.440193
167,POL7823,Full,2025-03-30,2026-05-28,2109.79,2026-02-14 07:48:31.613862,2026-03-15 09:56:05.837945
168,POL1486,Full,2024-06-05,2025-02-26,6759.45,2026-01-25 00:10:33.783428,2026-04-10 04:40:08.649954
169,POL5187,Partial,2022-02-18,2023-04-03,1060.75,2026-03-16 19:00:38.049740,2026-02-23 23:21:13.823534
170,POL4080,Partial,2024-05-31,2025-04-27,3363.36,2026-01-04 13:17:26.223162,2026-04-10 23:01:38.592729
171,POL3063,Partial,2022-05-22,2024-02-17,4753.62,2026-01-28 18:22:27.093455,2026-01-12 18:49:45.643163
172,POL3808,Partial,2024-06-07,2024-10-20,3843.23,2026-01-28 13:47:40.880522,2026-02-05 21:54:52.802617
173,POL1511,Full,2020-10-26,2021-05-31,6362.91,2026-03-15 00:04:29.546760,2026-03-17 06:05:33.027631
174,POL6851,Partial,2021-02-04,2023-03-15,5237.35,2026-04-12 01:32:19.583801,2026-03-13 07:05:10.695440
175,POL9433,Full,2020-01-05,2022-06-21,4855.93,2026-01-14 17:28:50.077216,2026-04-13 04:09:23.733489
176,POL9674,Full,2022-12-17,2024-11-09,2052.06,2026-01-20 22:36:24.519584,2026-03-19 00:36:40.327168
177,POL7844,Partial,2026-01-05,2027-02-14,5548.58,2026-01-20 16:26:26.713946,2026-04-04 08:29:29.625148
178,POL3729,Full,2025-01-29,2026-08-12,4707.66,2026-01-03 16:25:10.219573,2026-01-03 00:33:18.707416
179,POL0560,Full,2021-02-22,2022-11-02,3334.99,2026-04-11 21:13:23.680716,2026-02-14 19:18:59.612076
180,POL0359,Full,2023-01-03,2024-12-09,7818.93,2026-03-04 23:53:42.157221,2026-01-19 11:50:46.747661
181,POL6555,Full,2022-11-13,2024-11-06,8262.1,2026-03-02 23:27:30.303536,2026-02-18 04:05:33.026581
182,POL7701,Full,2023-10-29,2026-06-05,4905.34,2026-01-20 11:46:36.902528,2026-01-27 13:00:50.734694
183,POL4900,Partial,2023-08-26,2026-03-25,8095.86,2026-03-26 21:39:41.291771,2026-04-07 12:22:45.313751
184,POL5270,Partial,2023-06-25,2024-01-30,7960.06,2026-01-24 08:18:13.339536,2026-01-20 23:32:34.226336
185,POL2038,Partial,2024-01-02,2026-05-26,6725.75,2026-01-08 16:41:33.954581,2026-04-03 11:51:11.970685
186,POL2335,Partial,2023-12-31,2024-11-25,1983.65,2026-03-07 15:25:43.518607,2026-01-17 16:18:58.031226
187,POL2809,Full,2022-11-13,2023-11-12,3518.15,2026-04-04 19:00:19.715337,2026-04-05 06:59:26.298725
188,POL4516,Partial,2024-01-30,2025-08-08,5686.84,2026-02-04 06:51:07.848784,2026-01-30 13:23:31.746759
189,POL5478,Partial,2020-12-11,2023-07-31,4535.05,2026-04-09 08:14:50.847047,2026-01-19 11:26:20.861420
190,POL6122,Partial,2025-11-14,2027-02-26,2980.84,2026-03-29 03:26:52.105457,2026-03-02 04:53:37.889694
191,POL6869,Full,2023-12-28,2026-06-21,4789.73,2026-01-15 09:21:44.728755,2026-03-04 20:41:13.207229
192,POL3755,Partial,2024-05-21,2025-12-06,8816.51,2026-01-11 07:44:00.421398,2026-01-08 01:36:45.148720
193,POL8604,Partial,2023-06-01,2024-10-21,5143.29,2026-01-06 21:21:36.058389,2026-03-04 16:19:43.837432
194,POL8712,Partial,2022-12-10,2025-07-10,9411.48,2026-01-13 19:57:51.715207,2026-02-26 21:29:25.502524
195,POL0861,Full,2023-02-02,2024-01-25,8513.64,2026-01-22 15:27:42.357372,2026-03-15 11:40:16.447777
196,POL9537,Full,2024-05-08,2024-11-11,6733.62,2026-04-13 08:33:07.752851,2026-01-29 11:04:08.968947
197,POL8382,Partial,2020-12-24,2023-07-23,6588.08,2026-02-15 19:01:33.068169,2026-04-03 00:01:30.027923
198,POL2349,Full,2025-04-26,2027-01-20,8163.33,2026-03-11 10:32:31.611939,2026-01-10 23:25:23.308139
199,POL1761,Full,2021-11-11,2023-08-03,4021.15,2026-03-11 04:48:42.815298,2026-02-13 18:36:33.927969
200,POL8949,Partial,2021-07-18,2023-07-22,9036.73,2026-02-08 17:52:59.628379,2026-04-06 19:58:44.111230
201,POL1705,Full,2025-09-03,2027-04-16,6503.15,2026-04-02 18:33:55.847045,2026-03-17 23:26:54.812066
202,POL5694,Full,2026-02-25,2026-08-07,1543.46,2026-01-31 17:17:20.309062,2026-03-15 10:26:20.048621
203,POL7609,Partial,2022-05-13,2023-05-03,5861.02,2026-03-21 08:37:07.443642,2026-04-03 22:35:40.488688
204,POL8182,Full,2020-04-23,2022-07-15,2573.89,2026-02-24 00:27:53.628780,2026-02-05 18:47:04.321281
205,POL9666,Full,2022-10-03,2025-02-03,1061.31,2026-01-25 18:44:14.035464,2026-02-03 06:55:12.593405
206,POL9287,Full,2023-03-25,2025-01-06,3367.56,2026-01-01 04:18:15.016603,2026-03-30 20:17:42.516973
207,POL3376,Partial,2022-11-21,2023-12-18,9536.54,2026-03-04 07:15:57.124536,2026-02-16 09:34:37.050064
208,POL6462,Full,2025-03-20,2025-10-14,5930.08,2026-04-13 18:30:08.996449,2026-03-17 15:06:29.320185
209,POL4992,Partial,2025-09-03,2028-01-05,8860.62,2026-01-11 11:30:24.731819,2026-02-10 09:33:47.515063
210,POL0738,Partial,2022-12-21,2024-04-18,8124.9,2026-02-17 05:17:59.918355,2026-01-10 09:35:08.083753
211,POL6470,Full,2021-05-31,2023-06-06,5333.32,2026-03-20 03:17:38.959033,2026-03-11 13:23:12.489735
212,POL3254,Partial,2022-03-21,2023-07-17,3503.35,2026-02-04 10:15:30.277640,2026-02-01 14:34:41.108825
213,POL3720,Partial,2022-09-26,2023-04-06,3207.11,2026-03-02 08:49:23.380610,2026-02-09 08:29:19.629501
214,POL8742,Partial,2024-11-27,2025-08-31,6054.28,2026-03-24 00:00:41.955225,2026-01-23 13:47:02.716215
215,POL1888,Partial,2025-12-29,2026-11-24,5450.54,2026-03-10 23:35:26.563491,2026-02-17 23:04:29.574716
216,POL1458,Full,2021-08-07,2022-10-17,8521.49,2026-04-04 00:20:13.544931,2026-01-07 06:22:37.422143
217,POL7838,Partial,2025-05-23,2027-05-20,3207.84,2026-04-05 15:38:04.348415,2026-04-02 22:16:58.963937
218,POL9631,Partial,2021-01-05,2021-05-08,6971.79,2026-02-13 18:11:42.083725,2026-03-07 22:57:42.251221
219,POL9544,Partial,2023-01-14,2023-11-23,4682.02,2026-01-30 18:37:14.107883,2026-01-02 19:38:22.629514
220,POL6108,Partial,2025-05-17,2027-12-13,7898.04,2026-01-17 20:01:54.725398,2026-02-17 10:51:54.195776
221,POL3800,Partial,2020-02-14,2020-08-28,4922.44,2026-01-31 18:05:32.864780,2026-04-03 17:57:20.782282
222,POL9481,Full,2022-10-03,2024-06-06,2443.17,2026-03-17 20:41:54.987698,2026-03-03 16:41:51.222408
223,POL2421,Full,2020-06-23,2022-09-11,1682.95,2026-02-13 18:57:37.842875,2026-01-02 23:26:49.484012
224,POL8016,Full,2025-11-01,2027-04-11,8595.34,2026-04-02 02:56:20.118155,2026-02-13 16:52:37.510452
225,POL1083,Full,2021-10-19,2023-08-23,6009.11,2026-02-02 23:35:36.898746,2026-01-12 03:31:03.492651
226,POL5690,Full,2020-09-27,2021-04-21,8795.84,2026-01-11 18:56:34.619654,2026-02-25 10:24:26.958309
227,POL9060,Partial,2022-12-31,2025-09-05,1703.76,2026-03-18 14:18:06.685118,2026-02-20 22:34:45.456803
228,POL9423,Full,2025-12-04,2027-06-21,9814.69,2026-01-10 07:21:19.773369,2026-01-23 00:18:32.998184
229,POL8956,Full,2021-03-17,2022-04-05,4945.82,2026-02-15 13:03:58.466624,2026-01-09 20:43:56.495658
230,POL6700,Partial,2022-07-02,2024-11-23,3096.58,2026-04-09 22:09:02.028688,2026-01-01 06:07:55.212151
231,POL3831,Partial,2021-03-04,2022-03-24,3524.61,2026-01-08 03:57:16.977333,2026-01-06 14:17:45.403439
232,POL3842,Partial,2023-02-27,2025-04-13,4993.22,2026-03-22 07:43:43.926466,2026-04-05 02:22:35.588292
233,POL6948,Partial,2020-11-10,2022-09-23,2071.3,2026-01-05 19:05:10.541364,2026-01-29 07:28:42.148485
234,POL5412,Full,2024-05-06,2025-02-21,9353.68,2026-03-31 10:21:36.637066,2026-03-08 09:56:41.727440
235,POL8853,Full,2020-02-14,2021-01-24,7369.15,2026-01-12 17:06:37.858140,2026-03-21 01:11:52.339858
236,POL9914,Partial,2021-02-03,2022-08-23,3021.71,2026-01-26 04:47:00.228254,2026-02-28 03:50:30.002807
237,POL8939,Full,2023-08-21,2024-05-16,6948.89,2026-02-13 22:47:28.519006,2026-01-06 04:54:08.509886
238,POL3006,Partial,2020-08-10,2021-06-16,1370.0,2026-01-09 06:05:18.436275,2026-03-09 03:41:07.061001
239,POL5188,Partial,2024-10-13,2026-12-25,9188.16,2026-04-13 06:44:33.218141,2026-02-11 15:41:11.977759
240,POL7950,Partial,2025-04-06,2026-07-16,9639.89,2026-02-08 23:22:24.046183,2026-03-22 05:05:52.999755
241,POL9503,Partial,2024-09-16,2027-04-21,9303.66,2026-01-13 08:07:54.445182,2026-04-08 16:00:44.447953
242,POL5543,Partial,2020-08-22,2022-09-25,1616.9,2026-01-31 17:08:24.161096,2026-04-02 17:02:25.436877
243,POL7090,Partial,2026-04-11,2028-04-25,3503.8,2026-02-18 01:20:07.807412,2026-03-09 05:14:38.879066
244,POL2550,Partial,2022-09-09,2024-11-21,9306.17,2026-01-10 04:29:00.787043,2026-02-20 02:03:37.425368
245,POL7358,Full,2022-02-26,2022-11-20,4302.83,2026-01-04 12:23:47.028641,2026-02-13 13:24:31.510242
246,POL8579,Partial,2022-12-20,2024-07-17,6621.08,2026-04-04 13:50:19.645945,2026-01-09 18:24:24.749101
247,POL6003,Partial,2026-01-13,2028-07-30,2654.67,2026-03-26 19:07:11.543792,2026-01-30 02:22:11.960849
248,POL2348,Partial,2023-06-08,2025-05-18,2937.97,2026-01-08 02:58:06.483600,2026-03-23 07:46:25.360548
249,POL3555,Full,2024-05-01,2025-11-01,6444.64,2026-02-06 23:04:23.380174,2026-01-29 15:49:41.638218
250,POL6302,Partial,2023-02-06,2025-04-01,8075.84,2026-02-06 02:48:00.594529,2026-01-30 10:10:49.343812
251,POL2079,Partial,2023-01-27,2023-08-06,4621.46,2026-04-05 19:24:41.523383,2026-01-25 18:23:02.878243
252,POL5375,Full,2023-07-12,2024-01-06,6900.42,2026-02-16 21:30:58.934602,2026-03-13 10:53:11.319056
253,POL7641,Partial,2025-01-19,2026-08-31,7850.48,2026-02-13 23:37:33.871992,2026-01-04 20:47:36.274995
254,POL4063,Partial,2021-02-08,2022-02-05,1261.82,2026-02-15 04:29:31.937824,2026-02-22 03:48:41.684784
255,POL9126,Partial,2020-11-08,2022-08-12,8157.49,2026-01-10 13:38:09.436748,2026-03-11 03:51:29.177705
256,POL9097,Full,2020-04-03,2021-10-24,9061.09,2026-04-09 03:39:18.632858,2026-02-02 07:15:20.508544
257,POL9667,Full,2025-12-03,2026-04-01,1836.37,2026-04-04 16:26:16.042731,2026-03-15 16:00:05.696085
258,POL4731,Partial,2020-07-01,2021-05-11,9606.09,2026-01-05 04:30:08.985713,2026-02-20 15:55:54.114035
259,POL7468,Full,2023-07-02,2025-09-11,8821.25,2026-01-26 17:15:28.286821,2026-01-09 16:38:57.493041
260,POL5996,Partial,2022-11-28,2025-03-12,3234.5,2026-02-16 03:05:45.811964,2026-03-25 00:40:01.980527
261,POL3682,Full,2020-10-04,2022-09-27,7073.56,2026-01-21 02:32:35.102257,2026-03-29 05:44:49.494189
262,POL1297,Partial,2020-11-26,2022-09-19,8349.35,2026-01-25 20:22:08.822740,2026-04-14 15:34:20.372576
263,POL4774,Partial,2021-04-23,2022-12-16,6536.95,2026-02-05 10:13:25.199089,2026-03-13 12:51:48.568801
264,POL3610,Full,2023-11-09,2025-01-31,9450.19,2026-02-19 23:54:24.935287,2026-01-14 08:01:35.816370
265,POL1441,Full,2023-02-18,2024-03-20,6350.26,2026-01-15 00:21:20.575585,2026-02-01 05:16:51.839113
266,POL5705,Partial,2021-11-30,2023-11-02,9441.12,2026-03-15 23:36:26.287249,2026-03-31 00:03:41.582179
267,POL8811,Full,2020-11-19,2023-03-13,3502.51,2026-01-07 10:55:23.408588,2026-03-27 12:57:51.550664
268,POL3995,Full,2022-01-08,2024-06-10,1156.33,2026-01-02 03:48:01.356130,2026-02-25 00:25:24.739411
269,POL7787,Partial,2021-05-07,2022-12-24,2796.85,2026-04-14 13:33:21.095722,2026-04-14 03:04:33.621172
270,POL3166,Full,2020-10-16,2021-06-15,2281.14,2026-01-04 07:04:53.381011,2026-01-31 12:47:38.290298
271,POL7249,Full,2025-09-27,2027-08-06,3284.07,2026-01-12 00:47:09.058681,2026-02-08 02:00:21.796590
272,POL6387,Partial,2022-08-02,2025-03-29,9670.48,2026-03-25 09:16:06.067728,2026-04-04 14:45:05.884612
273,POL5761,Partial,2022-12-26,2023-06-11,3313.91,2026-02-28 19:55:05.425686,2026-02-10 16:46:51.714037
274,POL7561,Partial,2021-08-03,2023-12-25,5621.57,2026-02-02 18:23:34.091627,2026-02-26 09:08:21.679844
275,POL8049,Partial,2021-10-06,2023-03-28,1010.27,2026-02-04 20:19:17.974554,2026-02-23 09:52:23.637233
276,POL8187,Full,2020-03-23,2022-07-01,7193.3,2026-01-16 04:36:42.811774,2026-01-04 22:13:03.588875
277,POL4714,Partial,2025-08-20,2026-07-07,4348.21,2026-03-12 00:42:03.556278,2026-01-03 12:40:32.199067
278,POL3649,Full,2023-01-28,2025-03-05,5649.63,2026-02-14 19:49:42.032856,2026-03-04 02:19:14.800009
279,POL4411,Full,2021-06-13,2022-12-24,2490.36,2026-01-13 09:32:31.030284,2026-02-03 03:31:53.992359
280,POL3848,Partial,2021-01-17,2021-09-30,4144.29,2026-03-08 10:18:27.114056,2026-04-10 02:08:57.178295
281,POL1480,Partial,2022-07-16,2023-10-15,7141.43,2026-04-03 07:39:49.468486,2026-03-20 17:43:44.806164
282,POL2733,Full,2021-07-09,2023-03-14,7832.85,2026-03-21 21:28:40.157786,2026-03-18 04:50:39.912352
283,POL2250,Full,2022-02-15,2022-08-22,4975.77,2026-01-17 19:29:42.830751,2026-02-11 14:39:03.881194
284,POL9493,Full,2025-12-03,2026-08-11,6838.38,2026-02-10 05:39:55.698780,2026-02-20 09:38:17.990112
285,POL0505,Partial,2021-01-27,2021-12-12,4048.6,2026-02-18 20:25:36.164118,2026-04-04 05:36:29.648537
286,POL9098,Partial,2023-12-14,2025-09-12,4293.64,2026-03-10 10:20:51.543527,2026-02-11 05:32:18.719985
287,POL7089,Partial,2025-02-27,2027-03-13,7993.04,2026-02-06 20:41:39.074264,2026-03-08 10:10:47.090056
288,POL7369,Full,2020-04-29,2022-03-06,3281.05,2026-04-10 04:16:40.579586,2026-03-20 08:32:06.290152
289,POL2098,Partial,2025-02-15,2026-06-28,7108.07,2026-02-11 11:59:52.549041,2026-01-21 07:50:35.230879
290,POL3690,Full,2023-04-07,2024-06-25,4392.08,2026-02-03 23:51:43.775337,2026-03-23 08:27:33.056716
291,POL1348,Partial,2023-04-01,2024-03-03,4853.72,2026-01-11 21:25:40.616673,2026-01-10 00:18:39.097019
292,POL0873,Partial,2023-11-28,2024-07-07,5737.52,2026-03-18 06:30:58.622487,2026-03-16 15:55:24.246822
293,POL6197,Full,2021-02-16,2022-01-04,3658.92,2026-04-14 07:03:52.662466,2026-02-05 13:26:29.093271
294,POL8902,Partial,2023-04-25,2024-11-15,3312.66,2026-02-15 07:41:56.297143,2026-04-08 02:50:40.084948
295,POL0615,Partial,2021-05-21,2021-12-27,8962.56,2026-03-23 11:29:17.859621,2026-01-28 11:13:52.029842
296,POL0105,Partial,2025-05-31,2025-09-16,8419.55,2026-04-05 23:09:57.642884,2026-02-22 15:22:23.229292
297,POL2536,Partial,2020-08-18,2022-05-01,5067.48,2026-03-21 17:57:55.605959,2026-02-03 23:42:18.988376
298,POL1856,Full,2020-08-26,2021-12-16,5048.45,2026-03-03 20:37:33.946413,2026-04-06 09:31:44.195816
299,POL3354,Partial,2023-01-21,2023-09-02,2043.41,2026-03-09 10:32:09.192906,2026-04-12 01:24:32.126204
300,POL2643,Full,2021-08-15,2021-11-24,3557.04,2026-03-24 07:56:13.813514,2026-04-10 05:07:54.036241
